DataStart,,,,,,,,,,,,,,,,,,,,,,,,,,,,,,,,,,,,,,,,,,,,,,,,,,,,,,,,,,,,,,,,,,,,,,,,,,,,
key5001,5001,TRUE,,np5001a_Lutina,0,,,,np5001b_Lutina,99999999,,,,,,,,,force,human,2,137,,210,,Lutina,530001,FD_lutina,ico06020100,ico06020101,ico06010100,408020,408910,,408160,408540,408650,,,305301,305401,301401,302401,,,,,,,,,,,,,,,,,,,,,,,,,,,TRUE,368600,,,,170,30001
key5002,5002,TRUE,,np5002a_Sail,0,,,,np5002b_Sail,99999999,,,,,,,,,hunter,human,1,138,,200,,Sail,530002,FD_sail,ico06020200,ico06020201,ico06010200,408020,408920,,408180,408350,408610,,,,,,,,,,,,,,,,,,,,,,,,,,,,,,,,,TRUE,204600,,,,180,30002
key5003,5003,TRUE,,np5003a_Izuna,0,,,,np5003b_Izuna,99999999,,,,,,,,,ranger,newman,2,139,,211,,Izuna,530003,FD_izuna,ico06020300,ico06020301,ico06010300,408020,408930,,408150,408360,408630,,,,,,,,,,,,,,,,,,,,,,,,,,,,,,,,,TRUE,54400,,,,158,30003
key5004,5004,TRUE,,np5004a_Juno,0,,,,,,,,,,,,,,force,human,2,149,,213,,Juna,530443,FD_juno,ico06020400,,ico06010400,,,,,,,,,,,,,,,,,,,,,,,,,,,,,,,,,,,,,,,TRUE,339700,,,,158,30013
key5005,5005,TRUE,,np5005a_Fieldea,0,,,,np5005b_Fieldea,99999999,,,,,,,,,hunter,human,2,140,,212,,Fildia,530005,FD_fieldea,ico06020500,ico06020501,ico06010500,408060,408730,408080,408150,408270,408540,408610,408670,,,,,,,,,,,,,,,,,,,,,,,,,,,,,,,TRUE,277500,,,,185,30004
key5006,5006,TRUE,,np5006a_Reven,0,,,,np5006b_Reven,99999999,,,,,,,,,force,newman,1,141,,201,,Raven,530006,FD_reven,ico06020600,ico06020601,ico06010600,408040,408940,408750,408170,408360,408450,408710,,305301,,,,,,,,,,,,,,,,,,,,,,,,,,,,,,TRUE,369100,,,,188,30005
key5007,5007,TRUE,,np5007a_YoungReven,0,,,,,,,,,,,,,,force,newman,1,141,,,,Young Raven,530000,,,,,,,,,,,,,,,,,,,,,,,,,,,,,,,,,,,,,,,,,,,TRUE,0,,,,160,
key5008,5008,TRUE,,np5008a_Magnas,0,,,,,,,,,,,,,,hunter,human,1,148,,203,,Magnas,530000,FD_magnas,,,,,,,,,,,,,,,,,,,,,,,,,,,,,,,,,,,,,,,,,,TRUE,322400,,,,185,30014
key5009,5009,TRUE,,np5009a_Callisto,0,,,,,,,,,,,,,,force,newman,1,146,,204,,Callisto,530009,FD_callisto,ico06020700,,ico06010700,408020,408950,,408170,408310,408410,,,305301,305401,,,,,,,,,,,,,,,,,,,,,,,,,,,,,TRUE,119800,,,,182,30006
key5010,5010,TRUE,,np5010a_Kisara,0,,,,np5010b_Kisara,99999999,,,,,,,,,ranger,human,2,142,,214,,Kisara,530010,FD_kisara,ico06020800,ico06020801,ico06010800,408030,409030,,408740,408150,408420,,,,,,,,,,,,,,,,,,,,,,,,,,,,,,,,,TRUE,126100,,,,178,30007
key5011,5011,TRUE,,np5011a_Rietheia,0,,,,np5011b_Rietheia,99999999,,,,,,,,,force,human,2,143,,215,,Rietheia,530011,FD_rietheia,ico06020900,ico06020901,ico06010900,408010,409020,,408130,408330,,,,305301,305401,301401,302401,,,,,,,,,,,,,,,,,,,,,,,,,,,TRUE,360300,,,,170,30008
key5012,5012,TRUE,,np5012a_Yomi,0,,,,,,,,,,,,,,hunter,newman,1,147,,205,,Yomi,530012,FD_yomi,ico06021000,,ico06011000,408010,408960,,408210,408320,408690,,,,,,,,,,,,,,,,,,,,,,,,,,,,,,,,,TRUE,340500,,,,145,30009
key5013,5013,TRUE,,np5013a_Orcus,0,,,,,,,,,,,,,,ranger,human,1,148,,206,,Orcus,530013,FD_orcus,ico06021100,,ico06011100,408030,408970,,408120,408280,408630,,,,,,,,,,,,,,,,,,,,,,,,,,,,,,,,,TRUE,104400,,,,180,30010
key5014,5014,TRUE,,np5014a_Hyperion,0,,,,,,,,,,,,,,ranger,cast,1,145,,207,,Hyperion,530014,FD_Hyperion,ico06021200,,ico06011200,408030,408980,,408130,408150,408350,,,,,,,,,,,,,,,,,,,,,,,,,,,,,,,,,TRUE,271500,05_item_legparts_40004.acb,0,1,200,30011
key5015,5015,TRUE,,np5015a_Sharon,0,,,,np5015b_Sharon,99999999,,,,,,,,,force,cast,2,144,,216,,Sharon,530015,FD_Sharon,ico06021300,ico06021301,ico06011300,408020,408990,,408120,408420,408710,,,305301,,,,,,,,,,,,,,,,,,,,,,,,,,,,,,TRUE,181200,05_item_legparts_50001.acb,0,1,172,30012
key5016,5016,TRUE,,np5016a_AwakeRaven,0,,,,,,,,,,,,,,force,,1,141,,201,,Awakened Raven,530000,,ico01010116,,,,,,,,,,,,,,,,,,,,,,,,,,,,,,,,,,,,,,,,,TRUE,0,,,,188,
key5017,5017,TRUE,,np5017a_HoroJuno,0,,,,,,,,,,,,,,force,,2,149,,213,,Hologram Juno,530000,,,,,,,,,,,,,,,,,,,,,,,,,,,,,,,,,,,,,,,,,,,TRUE,0,,,,158,
key5040,5040,,50400,,,,,,,,,,,,,,,,hunter,human,1,1,1,1,0,,,,,,,,,,,,,,,,,,,,,,,,,,,,,,,,,,,,,,,,,,,,,,0,,,,,
key5041,5041,,50410,,,,,,,,,,,,,,,,hunter,human,2,1,1,1,0,,,,,,,,,,,,,,,,,,,,,,,,,,,,,,,,,,,,,,,,,,,,,,0,,,,,
key5042,5042,,50420,,,,,,,,,,,,,,,,hunter,cast,1,1,1,1,0,,,,,,,,,,,,,,,,,,,,,,,,,,,,,,,,,,,,,,,,,,,,,,0,,,,,
key5043,5043,,50430,,,,,,,,,,,,,,,,hunter,cast,2,1,1,1,0,,,,,,,,,,,,,,,,,,,,,,,,,,,,,,,,,,,,,,,,,,,,,,0,,,,,
key5050,5050,,50500,,,,,,,,,,,,,,,,hunter,human,,,,1,-3,,,,,,,,,,,,,,,,,,,,,,,,,,,,,,,,,,,,,,,,,,,,,,0,,,,,
key5051,5051,,50510,,,,,,,,,,,,,,,,ranger,human,,,,1,-3,,,,,,,,,,,,,,,,,,,,,,,,,,,,,,,,,,,,,,,,,,,,,,0,,,,,
key5052,5052,,50520,,,,,,,,,,,,,,,,force,human,,,,1,-3,,,,,,,,,,,,,,,,,,,,,,,,,,,,,,,,,,,,,,,,,,,,,,0,,,,,
key5053,5053,,50530,,,,,,,,,,,,,,,,hunter,human,,,,104,-5,,,,,,,,,,,,,,,,,,,,,,,,,,,,,,,,,,,,,,,,,,,,,,0,,,,,
key5054,5054,,50540,,,,,,,,,,,,,,,,ranger,human,,,,104,-5,,,,,,,,,,,,,,,,,,,,,,,,,,,,,,,,,,,,,,,,,,,,,,0,,,,,
key5055,5055,,50550,,,,,,,,,,,,,,,,force,human,,,,104,-5,,,,,,,,,,,,,,,,,,,,,,,,,,,,,,,,,,,,,,,,,,,,,,0,,,,,
key5056,5056,,50560,,,,,,,,,,,,,,,,hunter,newman,,,,1,-3,,,,,,,,,,,,,,,,,,,,,,,,,,,,,,,,,,,,,,,,,,,,,,0,,,,,
key5057,5057,,50570,,,,,,,,,,,,,,,,ranger,newman,,,,1,-3,,,,,,,,,,,,,,,,,,,,,,,,,,,,,,,,,,,,,,,,,,,,,,0,,,,,
key5058,5058,,50580,,,,,,,,,,,,,,,,force,newman,,,,1,-3,,,,,,,,,,,,,,,,,,,,,,,,,,,,,,,,,,,,,,,,,,,,,,0,,,,,
key5059,5059,,50590,,,,,,,,,,,,,,,,hunter,newman,,,,104,-5,,,,,,,,,,,,,,,,,,,,,,,,,,,,,,,,,,,,,,,,,,,,,,0,,,,,
key5060,5060,,50600,,,,,,,,,,,,,,,,ranger,newman,,,,104,-5,,,,,,,,,,,,,,,,,,,,,,,,,,,,,,,,,,,,,,,,,,,,,,0,,,,,
key5061,5061,,50610,,,,,,,,,,,,,,,,force,newman,,,,104,-5,,,,,,,,,,,,,,,,,,,,,,,,,,,,,,,,,,,,,,,,,,,,,,0,,,,,
key5062,5062,,50620,,,,,,,,,,,,,,,,hunter,cast,,,,31,-6,,,,,,,,,,,,,,,,,,,,,,,,,,,,,,,,,,,,,,,,,,,,,,0,,,,,
key5063,5063,,50630,,,,,,,,,,,,,,,,ranger,cast,,,,31,-6,,,,,,,,,,,,,,,,,,,,,,,,,,,,,,,,,,,,,,,,,,,,,,0,,,,,
key5064,5064,,50640,,,,,,,,,,,,,,,,force,cast,,,,31,-6,,,,,,,,,,,,,,,,,,,,,,,,,,,,,,,,,,,,,,,,,,,,,,0,,,,,
key5065,5065,,50650,,,,,,,,,,,,,,,,hunter,cast,,,,132,-1,,,,,,,,,,,,,,,,,,,,,,,,,,,,,,,,,,,,,,,,,,,,,,0,,,,,
key5066,5066,,50660,,,,,,,,,,,,,,,,ranger,cast,,,,132,-1,,,,,,,,,,,,,,,,,,,,,,,,,,,,,,,,,,,,,,,,,,,,,,0,,,,,
key5067,5067,,50670,,,,,,,,,,,,,,,,force,cast,,,,132,-1,,,,,,,,,,,,,,,,,,,,,,,,,,,,,,,,,,,,,,,,,,,,,,0,,,,,
key5101,5101,,51010,,,,,,,,,,,,,,,,hunter,human,1,,111,11,0,,530000,,,,,,,,,,,,,,,,,,,,,,,,,,,,,,,,,,,,,,,,,,,,0,,,,,
key5102,5102,,51020,,,,,,,,,,,,,,,,hunter,human,1,,127,27,5,,530000,,,,,,,,,,,,,,,,,,,,,,,,,,,,,,,,,,,,,,,,,,,,0,,,,,
key5103,5103,,51030,,,,,,,,,,,,,,,,hunter,human,1,23,102,2,10,Rogesta,530020,,ico06022000,,,408020,408810,,,408470,,,,,,,,,,,,,,,,,,,,,,,,,,,,,,,,,,,383600,,,,,35103
key5104,5104,,51040,,,,,,,,,,,,,,,,ranger,human,1,45,113,13,5,Mwell,530021,,ico06022001,,,408010,408820,,,,,,,,,,,,,,,,,,,,,,,,,,,,,,,,,,,,,,331500,,,,,35104
key5105,5105,,51050,,,,,,,,,,,,,,,,ranger,human,1,40,105,5,0,Kirentsu,530022,,ico06022002,,,408010,408810,,,,,,,,,,,,,,,,,,,,,,,,,,,,,,,,,,,,,,131800,,,,,35105
key5106,5106,,51060,,,,,,,,,,,,,,,,force,human,1,8,130,30,-5,Geshem,530023,,ico06022003,,,408010,408840,408850,,,,,,305301,305401,301401,302401,,,,,,,,,,,,,,,,,,,,,,,,,,,,152400,,,,,35106
key5107,5107,,51070,,,,,,,,,,,,,,,,force,human,1,47,101,1,-10,Perph,530024,,ico06022004,,,408010,408830,408850,,,,,,305301,305401,,,,,,,,,,,,,,,,,,,,,,,,,,,,,,308400,,,,,35107
key5108,5108,,51080,,,,,,,,,,,,,,,,ranger,human,1,42,108,8,-5,Tedik,530025,,ico06022005,,,408010,408820,,,,,,,,,,,,,,,,,,,,,,,,,,,,,,,,,,,,,,233600,,,,,35108
key5109,5109,,51090,,,,,,,,,,,,,,,,force,human,1,35,121,21,0,Paldus,530026,,ico06022006,,,408010,408840,408850,,,,,,305301,305401,301401,302401,,,,,,,,,,,,,,,,,,,,,,,,,,,,262600,,,,,35109
key5110,5110,,51100,,,,,,,,,,,,,,,,hunter,human,1,,,,5,,530000,,,,,,,,,,,,,,,,,,,,,,,,,,,,,,,,,,,,,,,,,,,,0,,,,,
key5111,5111,,51110,,,,,,,,,,,,,,,,hunter,human,1,,,,10,,530000,,,,,,,,,,,,,,,,,,,,,,,,,,,,,,,,,,,,,,,,,,,,0,,,,,
key5112,5112,,51120,,,,,,,,,,,,,,,,hunter,human,1,,,,5,,530000,,,,,,,,,,,,,,,,,,,,,,,,,,,,,,,,,,,,,,,,,,,,0,,,,,
key5113,5113,,51130,,,,,,,,,,,,,,,,hunter,human,1,27,116,16,0,Antz,530030,,ico06022007,,,408020,408810,,,408420,,,,,,,,,,,,,,,,,,,,,,,,,,,,,,,,,,,51200,,,,,35113
key5114,5114,,51140,,,,,,,,,,,,,,,,ranger,human,1,26,102,2,-5,Redden,530031,,ico06022008,,,408010,408810,,,,,,,,,,,,,,,,,,,,,,,,,,,,,,,,,,,,,,379600,,,,,35114
key5115,5115,,51150,,,,,,,,,,,,,,,,ranger,human,1,67,112,12,-10,Van,530032,,ico06022009,,,408010,408810,,,,,,,,,,,,,,,,,,,,,,,,,,,,,,,,,,,,,,58600,,,,,35115
key5116,5116,,51160,,,,,,,,,,,,,,,,ranger,human,1,30,127,27,-5,Souma,530033,,ico06022010,,,408020,408820,,,408630,,490210,,,,,,,,,,,,,,,,,,,,,,,,,,,,,,,,,209400,,,,,35116
key5117,5117,,51170,,,,,,,,,,,,,,,,force,human,1,78,125,25,0,Vienas,530034,,ico06022011,,,408010,408840,408860,,,,,,305301,305401,301401,302401,,,,,,,,,,,,,,,,,,,,,,,,,,,,59700,,,,,35117
key5118,5118,,51180,,,,,,,,,,,,,,,,mana,human,1,27,119,19,5,Chahars,530035,,ico06022012,,,408020,408810,,,,,490211,,,,,,,,,,,,,,,,,,,,,,,,,,,,,,,,,222600,,,,,35118
key5119,5119,,51190,,,,,,,,,,,,,,,,force,human,1,11,109,9,10,Schtanval,530036,,ico06022013,,,408020,408830,408870,,408670,,,,305301,305401,,,,,,,,,,,,,,,,,,,,,,,,,,,,,,177000,,,,,35119
key5120,5120,,51200,,,,,,,,,,,,,,,,mana,human,1,41,101,1,5,Rakk,530037,,ico06022014,,,408010,408810,,,,,495210,,,,301401,,,,,,,,,,,,,,,,,,,,,,,,,,,,,347700,,,,,35120
key5121,5121,,51210,,,,,,,,,,,,,,,,hunter,human,1,23,113,13,0,Fah'nas,530038,,ico06022015,,,408020,408820,,,408110,,,,,,,302401,,,,,,,,,,,,,,,,,,,,,,,,,,,,276300,,,,,35121
key5122,5122,,51220,,,,,,,,,,,,,,,,ranger,human,1,32,116,16,-5,Hexa,530039,,ico06022016,,,408010,408820,,,,,,,,,,,,,,,,,,,,,,,,,,,,,,,,,,,,,,307100,,,,,35122
key5123,5123,,51230,,,,,,,,,,,,,,,,ranger,human,1,104,130,30,-10,Dixsept,530040,,ico06022017,,,408010,408810,,,,,492210,,,,,,,,,,,,,,,,,,,,,,,,,,,,,,,,,228600,,,,,35123
key5124,5124,,51240,,,,,,,,,,,,,,,,force,human,1,91,107,7,-5,Kurrant,530041,,ico06022018,,,408010,408830,408850,,,,,,305301,305401,,,,,,,,,,,,,,,,,,,,,,,,,,,,,,119600,,,,,35124
key5125,5125,,51250,,,,,,,,,,,,,,,,force,human,1,30,115,15,0,Granat,530042,,ico06022019,,,408020,408830,408860,,,,490211,,305301,305401,,,,,,,,,,,,,,,,,,,,,,,,,,,,,,138700,,,,,35125
key5126,5126,,51260,,,,,,,,,,,,,,,,mana,human,1,2,121,21,5,Zaldu,530043,,ico06022020,,,408010,408820,,,,,,,,,,,,,,,,,,,,,,,,,,,,,,,,,,,,,,167400,,,,,35126
key5127,5127,,51270,,,,,,,,,,,,,,,,hunter,human,1,3,125,25,10,Brine,530044,,ico06022021,,,408030,408820,,,408110,408530,497200,,,,,,,,,,,,,,,,,,,,,,,,,,,,,,,,,288400,,,,,35127
key5128,5128,,51280,,,,,,,,,,,,,,,,hunter,human,1,17,106,6,5,Izulu,530045,,ico06022022,,,408020,408810,,,,,492212,496200,,,,,,,,,,,,,,,,,,,,,,,,,,,,,,,,54700,,,,,35128
key5129,5129,,51290,,,,,,,,,,,,,,,,ranger,human,1,40,123,23,0,Sapheed,530046,,ico06022023,,,408010,408810,,,,,,500208,,,,,,,,,,,,,,,,,,,,,,,,,,,,,,,,170700,,,,,35129
key5130,5130,,51300,,,,,,,,,,,,,,,,ranger,human,1,23,116,16,-5,Hold,530047,,ico06022024,,,408020,408820,,,408490,408630,,,,,,,,,,,,,,,,,,,,,,,,,,,,,,,,,,317000,,,,,35130
key5131,5131,,51310,,,,,,,,,,,,,,,,ranger,human,1,48,108,8,-10,Kevin,530048,,ico06022025,,,408010,408810,,,,,,501200,,,,,,,,,,,,,,,,,,,,,,,,,,,,,,,,152000,,,,,35131
key5132,5132,,51320,,,,,,,,,,,,,,,,force,human,1,19,109,9,-5,Krust,530049,,ico06022026,,,408010,408840,408870,,,,,,305301,305401,301401,302401,,,,,,,,,,,,,,,,,,,,,,,,,,,,136900,,,,,35132
key5133,5133,,51330,,,,,,,,,,,,,,,,force,human,1,16,124,24,0,Reggie,530050,,ico06022027,,,408020,408840,408880,,408130,,,,305301,305401,301401,302401,,,,,,,,,,,,,,,,,,,,,,,,,,,,370300,,,,,35133
key5134,5134,,51340,,,,,,,,,,,,,,,,force,human,1,11,111,11,5,Restum,530051,,ico06022028,,,408020,408830,408870,,,,,500211,305301,305401,,,,,,,,,,,,,,,,,,,,,,,,,,,,,,375100,,,,,35134
key5135,5135,,51350,,,,,,,,,,,,,,,,mana,human,1,13,126,26,10,Seddum,530052,,ico06022029,,,408020,408810,,,,,,500201,,,,,,,,,,,,,,,,,,,,,,,,,,,,,,,,206000,,,,,35135
key5136,5136,,51360,,,,,,,,,,,,,,,,hunter,human,1,12,104,4,5,Luke,530053,,ico06022030,,,408020,408820,,,408680,,,,,,,,,,,,,,,,,,,,,,,,,,,,,,,,,,,368400,,,,,35136
key5137,5137,,51370,,,,,,,,,,,,,,,,hunter,human,1,19,112,12,-10,Torretti,530054,,ico06022031,,,408020,408810,,,,,493212,,,,,,,,,,,,,,,,,,,,,,,,,,,,,,,,,240900,,,,,35137
key5138,5138,,51380,,,,,,,,,,,,,,,,hunter,human,1,45,102,2,-5,Nahar,530055,,ico06022032,,,408030,408820,,,408130,408290,493210,,,,,,,,,,,,,,,,,,,,,,,,,,,,,,,,,242600,,,,,35138
key5139,5139,,51390,,,,,,,,,,,,,,,,hunter,human,1,4,106,6,-10,Alf,530056,,ico06022033,,,408030,408820,,,408180,408280,408610,,,,,,,,,,,,,,,,,,,,,,,,,,,,,,,,,48800,,,,,35139
key5140,5140,,51400,,,,,,,,,,,,,,,,hunter,human,1,24,125,25,-5,Mogato,530057,,ico06022034,,,408040,408810,408850,408730,408080,408450,,501202,,,301401,,,,,,,,,,,,,,,,,,,,,,,,,,,,,335900,,,,,35140
key5141,5141,,51410,,,,,,,,,,,,,,,,ranger,human,1,84,122,22,0,Istar,530058,,ico06022035,,,408050,408810,408740,408690,408080,498200,498201,500207,,,,,,,,,,,,,,,,,,,,,,,,,,,,,,,,54300,,,,,35141
key5142,5142,,51420,,,,,,,,,,,,,,,,ranger,human,1,26,114,14,5,Helios,530059,,ico06022036,,,408020,408810,,,408700,,,,,,,,,,,,,,,,,,,,,,,,,,,,,,,,,,,308100,,,,,35142
key5143,5143,,51430,,,,,,,,,,,,,,,,ranger,human,1,3,123,23,10,Arekt,530060,,ico06022037,,,408030,408820,,,408170,408250,408630,,,,,,,,,,,,,,,,,,,,,,,,,,,,,,,,,49600,,,,,35143
key5144,5144,,51440,,,,,,,,,,,,,,,,force,human,1,15,111,11,5,Goutis,530061,,ico06022038,,,408010,408830,408880,,,,,497200,305301,305401,,,,,,,,,,,,,,,,,,,,,,,,,,,,,,156600,,,,,35144
key5145,5145,,51450,,,,,,,,,,,,,,,,force,human,1,26,107,7,0,Mimasgi,530062,,ico06022039,,,408020,408830,408890,,,,,497201,305301,305401,,,,,,,,,,,,,,,,,,,,,,,,,,,,,,328400,,,,,35145
key5146,5146,,51460,,,,,,,,,,,,,,,,mana,human,1,80,127,27,-5,Kagura,530063,,ico06022040,,,408050,408820,408730,408080,408230,408470,493204,495214,,,,,,,,,,,,,,,,,,,,,,,,,,,,,,,,111300,,,,,35146
key5147,5147,,51470,,,,,,,,,,,,,,,,hunter,human,1,118,118,18,-10,Pol,530064,,ico06022041,,,408020,408810,,,408170,408230,,,,,,,,,,,,,,,,,,,,,,,,,,,,,,,,,,314100,,,,,35147
key5148,5148,,51480,,,,,,,,,,,,,,,,ranger,human,1,5,117,17,-5,Yougen,530065,,ico06022042,,,408020,408810,,,408160,,,500201,,,,,,,,,,,,,,,,,,,,,,,,,,,,,,,,340200,,,,,35148
key5149,5149,,51490,,,,,,,,,,,,,,,,force,human,1,89,116,16,0,Novaiah,530066,,ico06022043,,,408030,408830,408900,,,496202,499200,500211,305301,305401,,,,,,,,,,,,,,,,,,,,,,,,,,,,,,247900,,,,,35149
key5150,5150,,51500,,,,,,,,,,,,,,,,mana,human,1,85,108,8,5,Lizanos,530067,,ico06022044,,,408030,408820,,,408680,,495204,495214,,,,,,,,,,,,,,,,,,,,,,,,,,,,,,,,361700,,,,,35150
key5151,5151,,51510,,,,,,,,,,,,,,,,force,human,1,35,121,21,10,Thrive,530068,,ico06022045,,,408010,408830,408850,,,,,497200,305301,305401,301401,,,,,,,,,,,,,,,,,,,,,,,,,,,,,203000,,,,,35151
key5152,5152,,51520,,,,,,,,,,,,,,,,mana,human,1,49,105,5,5,Augus,530069,,ico06022046,,,408020,408820,,,,,492213,492214,,,,,,,,,,,,,,,,,,,,,,,,,,,,,,,,97500,,,,,35152
key5153,5153,,51530,,,,,,,,,,,,,,,,ranger,human,1,8,130,30,0,Mays,530070,,ico06022047,,,408020,408820,,,408460,,,498201,,,,,,,,,,,,,,,,,,,,,,,,,,,,,,,,332100,,,,,35153
key5154,5154,,51540,,,,,,,,,,,,,,,,force,human,1,41,122,22,-5,Esell,530071,,ico06022048,,,408020,408840,408890,,,,,500203,305301,305401,301401,302401,,,,,,,,,,,,,,,,,,,,,,,,,,,,91600,,,,,35154
key5155,5155,,51550,,,,,,,,,,,,,,,,mana,human,1,19,113,13,-10,Noraik,530072,,ico06022049,,,408030,408810,,,408410,,499200,500210,,,,,,,,,,,,,,,,,,,,,,,,,,,,,,,,251200,,,,,35155
key5156,5156,,51560,,,,,,,,,,,,,,,,ranger,human,1,17,129,29,-5,Knut,530073,,ico06022050,,,408040,408810,408860,408740,490212,494214,495204,,,,,302401,,,,,,,,,,,,,,,,,,,,,,,,,,,,244900,,,,,35156
key5157,5157,,51570,,,,,,,,,,,,,,,,hunter,human,1,27,102,2,0,Ivas,530074,,ico06022051,,,408050,408810,408870,408730,408070,408470,499200,501203,,,,,,,,,,,,,,,,,,,,,,,,,,,,,,,,51800,,,,,35157
key5158,5158,,51580,,,,,,,,,,,,,,,,force,human,1,48,109,9,5,Thor,530075,,ico06022052,,,408020,408830,408860,,408650,,,,305301,305401,,,,,,,,,,,,,,,,,,,,,,,,,,,,,,236600,,,,,35158
key5159,5159,,51590,,,,,,,,,,,,,,,,ranger,human,1,23,107,7,10,Kiru,530076,,ico06022053,,,408020,408810,,,408290,408380,,,,,,,,,,,,,,,,,,,,,,,,,,,,,,,,,,121700,,,,,35159
key5160,5160,,51600,,,,,,,,,,,,,,,,force,human,1,20,117,17,5,October,530077,,ico06022054,,,408030,408840,408850,,408120,408150,494213,,305301,305401,301401,302401,,,,,,,,,,,,,,,,,,,,,,,,,,,,100300,,,,,35160
key5161,5161,,51610,,,,,,,,,,,,,,,,hunter,human,1,46,123,23,0,Dyna,530078,,ico06022055,,,408030,408820,,,408250,408310,408360,,,,,,,,,,,,,,,,,,,,,,,,,,,,,,,,,214500,,,,,35161
key5162,5162,,51620,,,,,,,,,,,,,,,,ranger,human,1,31,113,13,-5,Zwei,530079,,ico06022056,,,408040,408820,408880,408740,408270,408690,,497201,,,,,,,,,,,,,,,,,,,,,,,,,,,,,,,,223700,,,,,35162
key5163,5163,,51630,,,,,,,,,,,,,,,,mana,human,1,39,127,27,-10,Kirk,530080,,ico06022057,,,408040,408820,408890,408750,408130,,500201,501203,305301,305401,,,,,,,,,,,,,,,,,,,,,,,,,,,,,,105800,,,,,35163
key5164,5164,,51640,,,,,,,,,,,,,,,,hunter,human,1,5,104,4,-5,Oken,530081,,ico06022058,,,408050,408810,408900,408730,408070,408110,408410,408610,,,,,,,,,,,,,,,,,,,,,,,,,,,,,,,,97800,,,,,35164
key5165,5165,,51650,,,,,,,,,,,,,,,,hunter,human,1,43,300,218,0,Zeno,530082,,ico06022059,,,408020,,,408150,408180,,,,,,,,,,,,,,,,,,,,,,,,,,,,,,,,,,,206200,,,,,35165
key5166,5166,,51660,,,,,,,,,,,,,,,,hunter,human,1,118,101,1,-5,Ryoma,530083,,ico06022060,,,408040,408820,408850,408180,408610,496202,,,,,,,,,,,,,,,,,,,,,,,,,,,,,,,,,,366150,,,,,35166
key5167,5167,,51670,,,,,,,,,,,,,,,,hunter,human,1,23,111,11,0,Illgeet,530084,,ico06022061,,,409000,408810,408890,408070,408320,408410,408540,408710,401012,404026,,,,,,,,,,,,,,,,,,,,,,,,,,,,,,55450,,,,,35167
key5168,5168,,51680,,,,,,,,,,,,,,,,mana,human,1,66,118,18,5,Black,530085,,ico06022062,,,408050,408810,408870,408110,408280,492215,490213,502201,,,,,,,,,,,,,,,,,,,,,,,,,,,,,,,,289250,,,,,35168
key5169,5169,,51690,,,,,,,,,,,,,,,,ranger,human,1,152,,,0,Glover,530447,,ico06021600,,,408030,,,,,,,,,,,,,,,,,,,,,,,,,,,,,,,,,,,,,,,138750,,,,,30032
key5170,5170,,51700,,,,,,,,,,,,,,,,force,human,1,58,116,16,-10,Devas,530087,,ico06022064,,,409000,408830,408860,408160,408270,492217,502202,504201,305301,305401,,,,,,,,,,,,,,,,,,,,,,,,,,,,,,226050,,,,,35170
key5171,5171,,51710,,,,,,,,,,,,,,,,ranger,human,1,32,113,13,-8,Kusid,530088,,ico06022065,,,409010,408820,408900,408160,408410,408480,490213,502203,,,,,,,,,,,,,,,,,,,,,,,,,,,,,,,,132550,,,,,35171
key5301,5301,,53010,,,,,,,,,,,,,,,,hunter,newman,1,,,,0,,530000,,,,,,,,,,,,,,,,,,,,,,,,,,,,,,,,,,,,,,,,,,,,0,,,,,
key5302,5302,,53020,,,,,,,,,,,,,,,,ranger,newman,1,,,,5,,530000,,,,,,,,,,,,,,,,,,,,,,,,,,,,,,,,,,,,,,,,,,,,0,,,,,
key5303,5303,,53030,,,,,,,,,,,,,,,,force,newman,1,,,,10,,530000,,,,,,,,,,,,,305301,305401,301401,302401,,,,,,,,,,,,,,,,,,,,,,,,,,,,0,,,,,
key5304,5304,,53040,,,,,,,,,,,,,,,,force,newman,1,,,,5,,530000,,,,,,,,,,,,,305301,305401,,,,,,,,,,,,,,,,,,,,,,,,,,,,,,0,,,,,
key5305,5305,,53050,,,,,,,,,,,,,,,,hunter,newman,1,,,,0,,530000,,,,,,,,,,,,,,,,,,,,,,,,,,,,,,,,,,,,,,,,,,,,0,,,,,
key5306,5306,,53060,,,,,,,,,,,,,,,,hunter,newman,1,,,,-5,,530000,,,,,,,,,,,,,,,,,,,,,,,,,,,,,,,,,,,,,,,,,,,,0,,,,,
key5307,5307,,53070,,,,,,,,,,,,,,,,hunter,newman,1,43,104,4,-10,Wristpatt,530104,,ico06022075,,,408020,408820,,,408110,408210,,,,,,,,,,,,,,,,,,,,,,,,,,,,,,,,,,361900,,,,,35307
key5308,5308,,53080,,,,,,,,,,,,,,,,ranger,newman,1,45,123,23,-5,Trys,530105,,ico06022076,,,408010,408820,,,408250,,,,,,,,,,,,,,,,,,,,,,,,,,,,,,,,,,,238300,,,,,35308
key5309,5309,,53090,,,,,,,,,,,,,,,,ranger,newman,1,7,124,24,0,Pfister,530106,,ico06022077,,,408020,408810,,,408560,408690,,,,,,,,,,,,,,,,,,,,,,,,,,,,,,,,,,277200,,,,,35309
key5310,5310,,53100,,,,,,,,,,,,,,,,force,newman,1,14,120,20,5,Procynes,530107,,ico06022078,,,408010,408840,408850,,,,,,305301,305401,301401,302401,,,,,,,,,,,,,,,,,,,,,,,,,,,,298700,,,,,35310
key5311,5311,,53110,,,,,,,,,,,,,,,,force,newman,1,31,122,22,10,Kareventic,530108,,ico06022079,,,408020,408840,408860,,408680,,,,305301,305401,301401,302401,,,,,,,,,,,,,,,,,,,,,,,,,,,,120400,,,,,35311
key5312,5312,,53120,,,,,,,,,,,,,,,,hunter,newman,1,19,110,10,5,Heitt,530109,,ico06022080,,,408010,408810,,,,,493210,,,,,,,,,,,,,,,,,,,,,,,,,,,,,,,,,255000,,,,,35312
key5313,5313,,53130,,,,,,,,,,,,,,,,mana,newman,1,74,121,21,0,Quart,530110,,ico06022081,,,408010,408820,,,,,494211,,,,,,,,,,,,,,,,,,,,,,,,,,,,,,,,,132500,,,,,35313
key5314,5314,,53140,,,,,,,,,,,,,,,,ranger,newman,1,39,111,11,-5,Labadie,530111,,ico06022082,,,408010,408820,,,,,,,305301,,,,,,,,,,,,,,,,,,,,,,,,,,,,,,,349600,,,,,35314
key5315,5315,,53150,,,,,,,,,,,,,,,,force,newman,1,3,125,25,-10,Sazanami,530112,,ico06022083,,,408020,408840,408860,,,,495210,,305301,305401,301401,302401,,,,,,,,,,,,,,,,,,,,,,,,,,,,169200,,,,,35315
key5316,5316,,53160,,,,,,,,,,,,,,,,force,newman,1,48,128,28,-5,Tio,530113,,ico06022084,,,408010,408830,408880,,,,493210,,305301,305401,,,,,,,,,,,,,,,,,,,,,,,,,,,,,,227300,,,,,35316
key5317,5317,,53170,,,,,,,,,,,,,,,,hunter,newman,1,20,104,4,0,Ahat,530114,,ico06022085,,,408010,408820,,,408380,,,,,,,,,,,,,,,,,,,,,,,,,,,,,,,,,,,27800,,,,,35317
key5318,5318,,53180,,,,,,,,,,,,,,,,hunter,newman,1,18,113,13,5,Blitz,530115,,ico06022086,,,408020,408820,,,408450,,,,,,,,,,,,,,,,,,,,,,,,,,,,,,,,,,,292500,,,,,35318
key5319,5319,,53190,,,,,,,,,,,,,,,,hunter,newman,1,25,122,22,10,Cherny,530116,,ico06022087,,,408020,408810,,,,,494211,494213,,,,,,,,,,,,,,,,,,,,,,,,,,,,,,,,221000,,,,,35319
key5320,5320,,53200,,,,,,,,,,,,,,,,ranger,newman,1,30,108,8,5,Newt,530117,,ico06022088,,,408010,408810,,,408320,,,,,,,,,,,,,,,,,,,,,,,,,,,,,,,,,,,244500,,,,,35320
key5321,5321,,53210,,,,,,,,,,,,,,,,mana,newman,1,17,117,17,0,Hewitt,530118,,ico06022089,,,408030,408820,,,408070,408500,494214,,,,,,,,,,,,,,,,,,,,,,,,,,,,,,,,,271400,,,,,35321
key5322,5322,,53220,,,,,,,,,,,,,,,,ranger,newman,1,45,119,19,-5,Roll,530119,,ico06022090,,,408020,408810,,,,,492211,492212,,,,,,,,,,,,,,,,,,,,,,,,,,,,,,,,381800,,,,,35322
key5323,5323,,53230,,,,,,,,,,,,,,,,force,newman,1,22,112,12,-10,Midoval,530120,,ico06022091,,,408010,408830,408890,,,,,,305301,305401,,,,,,,,,,,,,,,,,,,,,,,,,,,,,,328600,,,,,35323
key5324,5324,,53240,,,,,,,,,,,,,,,,force,newman,1,29,107,7,-5,Cattell,530121,,ico06022092,,,408020,408830,408880,,408200,,,,305301,305401,,,,,,,,,,,,,,,,,,,,,,,,,,,,,,112900,,,,,35324
key5325,5325,,53250,,,,,,,,,,,,,,,,mana,newman,1,10,127,27,0,Registan,530122,,ico06022093,,,408010,408820,,,,,,500206,,,,,,,,,,,,,,,,,,,,,,,,,,,,,,,,374300,,,,,35325
key5326,5326,,53260,,,,,,,,,,,,,,,,mana,newman,1,26,123,23,5,Desett,530123,,ico06022094,,,408020,408810,,,408660,,,,,,,,,,,,,,,,,,,,,,,,,,,,,,,,,,,231900,,,,,35326
key5327,5327,,53270,,,,,,,,,,,,,,,,hunter,newman,1,13,129,29,10,Sein,530124,,ico06022095,,,408010,408820,,,,,492213,,,,,,,,,,,,,,,,,,,,,,,,,,,,,,,,,204900,,,,,35327
key5328,5328,,53280,,,,,,,,,,,,,,,,hunter,newman,1,37,124,24,5,Cherub,530125,,ico06022096,,,408020,408820,,,,,492214,,,,,,,,,,,,,,,,,,,,,,,,,,,,,,,,,153800,,,,,35328
key5329,5329,,53290,,,,,,,,,,,,,,,,ranger,newman,1,10,127,27,0,Jaluna,530126,,ico06022097,,,408010,408810,,,408260,,,,,,,,,,,,,,,,,,,,,,,,,,,,,,,,,,,181000,,,,,35329
key5330,5330,,53300,,,,,,,,,,,,,,,,ranger,newman,1,22,107,7,-5,Giggs,530127,,ico06022098,,,408020,408820,,,408330,,,,,,,,,,,,,,,,,,,,,,,,,,,,,,,,,,,125500,,,,,35330
key5331,5331,,53310,,,,,,,,,,,,,,,,ranger,newman,1,43,110,10,-10,Hatsel,530128,,ico06022099,,,408030,408810,,,408240,408350,408690,500200,,,,,,,,,,,,,,,,,,,,,,,,,,,,,,,,258000,,,,,35331
key5332,5332,,53320,,,,,,,,,,,,,,,,force,newman,1,35,126,26,-5,Hastan,530129,,ico06022100,,,408020,408830,408890,,408300,,,,305301,305401,,,,,,,,,,,,,,,,,,,,,,,,,,,,,,256800,,,,,35332
key5333,5333,,53330,,,,,,,,,,,,,,,,force,newman,1,28,116,16,0,Veld,530130,,ico06022101,,,408020,408840,408880,,,,492213,,305301,305401,301401,302401,,,,,,,,,,,,,,,,,,,,,,,,,,,,77800,,,,,35333
key5334,5334,,53340,,,,,,,,,,,,,,,,force,newman,1,48,101,1,5,Nathan,530131,,ico06022102,,,408030,408830,408850,,408720,,,500211,305301,305401,,,,,,,,,,,,,,,,,,,,,,,,,,,,,,245000,,,,,35334
key5335,5335,,53350,,,,,,,,,,,,,,,,force,newman,1,42,117,17,10,Morris,530132,,ico06022103,,,408030,408840,408860,,408180,408480,,,305301,305401,301401,302401,,,,,,,,,,,,,,,,,,,,,,,,,,,,337400,,,,,35335
key5336,5336,,53360,,,,,,,,,,,,,,,,force,newman,1,30,115,15,5,Riesta,530133,,ico06022104,,,408040,408840,408870,408750,408070,408150,408500,,305301,305401,301401,302401,,,,,,,,,,,,,,,,,,,,,,,,,,,,361800,,,,,35336
key5337,5337,,53370,,,,,,,,,,,,,,,,ranger,newman,1,66,123,23,0,Steph,530134,,ico06022105,,,408010,408820,,,,,,496201,,,,,,,,,,,,,,,,,,,,,,,,,,,,,,,,339200,,,,,35337
key5338,5338,,53380,,,,,,,,,,,,,,,,hunter,newman,1,110,120,20,-5,Zeddy,530135,,ico06022106,,,408020,408820,,,408240,408610,,,,,,,,,,,,,,,,,,,,,,,,,,,,,,,,,,205900,,,,,35338
key5339,5339,,53390,,,,,,,,,,,,,,,,force,newman,1,46,124,24,-10,Agus,530136,,ico06022107,,,408020,408830,408900,,408650,,,,305301,305401,,,,,,,,,,,,,,,,,,,,,,,,,,,,,,83000,,,,,35339
key5340,5340,,53400,,,,,,,,,,,,,,,,ranger,newman,1,62,105,5,-5,Chardys,530137,,ico06022108,,,408030,408810,,,408240,408320,408670,,,,,,,,,,,,,,,,,,,,,,,,,,,,,,,,,221400,,,,,35340
key5341,5341,,53410,,,,,,,,,,,,,,,,mana,newman,1,114,126,26,0,Rex,530138,,ico06022109,,,408030,408820,,,408130,408350,492204,501203,,,,,,,,,,,,,,,,,,,,,,,,,,,,,,,,376200,,,,,35341
key5342,5342,,53420,,,,,,,,,,,,,,,,hunter,newman,1,34,120,20,5,Sorak,530139,,ico06022110,,,408010,408820,,,,,495211,,,,,,,,,,,,,,,,,,,,,,,,,,,,,,,,,209500,,,,,35342
key5343,5343,,53430,,,,,,,,,,,,,,,,mana,newman,1,55,125,25,10,Est,530140,,ico06022111,,,408020,408810,,,,,497201,501201,,,,,,,,,,,,,,,,,,,,,,,,,,,,,,,,91200,,,,,35343
key5344,5344,,53440,,,,,,,,,,,,,,,,ranger,newman,1,67,124,24,5,Oboro,530141,,ico06022112,,,408040,408810,408850,408740,408230,,496202,500208,,,301401,,,,,,,,,,,,,,,,,,,,,,,,,,,,,100700,,,,,35344
key5345,5345,,53450,,,,,,,,,,,,,,,,hunter,newman,1,42,112,12,0,Novik,530142,,ico06022113,,,408020,408820,,,408330,,500209,,,,,,,,,,,,,,,,,,,,,,,,,,,,,,,,,250800,,,,,35345
key5346,5346,,53460,,,,,,,,,,,,,,,,mana,newman,1,49,118,18,-5,Gazelle,530143,,ico06022114,,,408030,408820,,,408260,408610,498200,,,,,,,,,,,,,,,,,,,,,,,,,,,,,,,,,112700,,,,,35346
key5347,5347,,53470,,,,,,,,,,,,,,,,ranger,newman,1,61,110,10,-10,Jake,530144,,ico06022115,,,408040,408810,408860,408740,408080,,501201,501202,,,,302401,,,,,,,,,,,,,,,,,,,,,,,,,,,,175400,,,,,35347
key5348,5348,,53480,,,,,,,,,,,,,,,,force,newman,1,50,120,20,-5,Yudin,530145,,ico06022116,,,408050,408830,408870,408750,408080,408120,408350,501200,305301,305401,,,,,,,,,,,,,,,,,,,,,,,,,,,,,,339600,,,,,35348
key5349,5349,,53490,,,,,,,,,,,,,,,,ranger,newman,1,22,302,220,0,Affin,530146,,ico06022117,,,408020,,,408230,408670,408200,,,,,,,,,,,,,,,,,,,,,,,,,,,,,,,,,,29300,,,,,35349
key5350,5350,,53500,,,,,,,,,,,,,,,,force,newman,1,19,106,6,4,Revall,530147,,ico06022118,,,408050,408840,408880,408150,408330,408470,492215,493215,305301,305401,301401,302401,,,,,,,,,,,,,,,,,,,,,,,,,,,,372150,,,,,35350
key5351,5351,,53510,,,,,,,,,,,,,,,,ranger,newman,1,28,114,14,-10,Ashel,530148,,ico06022119,,,408050,408810,408860,408210,408350,408550,492216,493204,,,,,,,,,,,,,,,,,,,,,,,,,,,,,,,,14050,,,,,35351
key5352,5352,,53520,,,,,,,,,,,,,,,,ranger,newman,1,154,,,0,Zuck,530449,,ico06021700,,,408020,,,,,,,,,,,,,,,,,,,,,,,,,,,,,,,,,,,,,,,197150,,,,,30034
key5353,5353,,53530,,,,,,,,,,,,,,,,mana,newman,1,12,104,4,6,Dredd,530150,,ico06022121,,,409010,408810,408890,408150,408480,408610,408690,408730,401012,404026,,,,,,,,,,,,,,,,,,,,,,,,,,,,,,229050,,,,,35353
key5354,5354,,53540,,,,,,,,,,,,,,,,hunter,newman,1,5,124,24,8,Valmen,530151,,ico06022122,,,409000,408820,408880,408180,408420,492218,502203,503201,,,,,,,,,,,,,,,,,,,,,,,,,,,,,,,,58550,,,,,35354
key5451,5451,,54510,,,,,,,,,,,,,,,,hunter,cast,1,5,129,59,-10,,530000,,,,,,,,,,,,,,,,,,,,,,,,,,,,,,,,,,,,,,,,,,,,0,,,,,
key5452,5452,,54520,,,,,,,,,,,,,,,,ranger,cast,1,6,107,37,-5,,530000,,,,,,,,,,,,,,,,,,,,,,,,,,,,,,,,,,,,,,,,,,,,0,,,,,
key5453,5453,,54530,,,,,,,,,,,,,,,,force,cast,1,41,109,39,0,Yajus,530160,,ico06022129,,,408010,408830,408900,,,,,,305301,305401,,,,,,,,,,,,,,,,,,,,,,,,,,,,,,337600,,,,,35453
key5454,5454,,54540,,,,,,,,,,,,,,,,force,cast,1,24,107,37,5,Yang,530161,,ico06022130,,,408010,408840,408890,,,,,,305301,305401,301401,302401,,,,,,,,,,,,,,,,,,,,,,,,,,,,340100,,,,,35454
key5455,5455,,54550,,,,,,,,,,,,,,,,ranger,cast,1,11,110,40,10,Zaine,530162,,ico06022131,,,408020,408810,,,408640,,490210,,,,,,,,,,,,,,,,,,,,,,,,,,,,,,,,,167800,,,,,35455
key5456,5456,,54560,,,,,,,,,,,,,,,,hunter,cast,1,41,128,58,5,August,530163,,ico06022132,,,408010,408810,,,408510,,,,,,,,,,,,,,,,,,,,,,,,,,,,,,,,,,,19700,,,,,35456
key5457,5457,,54570,,,,,,,,,,,,,,,,hunter,cast,1,46,105,35,0,Nekht,530164,,ico06022133,,,408020,408810,,,408540,,493211,,,,,,,,,,,,,,,,,,,,,,,,,,,,,,,,,246100,,,,,35457
key5458,5458,,54580,,,,,,,,,,,,,,,,ranger,cast,1,19,119,49,-5,Sebu,530165,,ico06022134,,,408010,408820,,,,,,,,,,,,,,,,,,,,,,,,,,,,,,,,,,,,,,206300,,,,,35458
key5459,5459,,54590,,,,,,,,,,,,,,,,mana,cast,1,54,118,48,-10,Nin'vas,530166,,ico06022135,,,408010,408820,,,,,,,,,,,,,,,,,,,,,,,,,,,,,,,,,,,,,,244700,,,,,35459
key5460,5460,,54600,,,,,,,,,,,,,,,,ranger,cast,1,66,117,47,-5,Accel,530167,,ico06022136,,,408030,408810,408870,,408080,408170,490210,,,,,,,,,,,,,,,,,,,,,,,,,,,,,,,,,22500,,,,,35460
key5461,5461,,54610,,,,,,,,,,,,,,,,force,cast,1,79,108,38,0,Orba,530168,,ico06022137,,,408010,408840,408880,,,,,,305301,305401,301401,302401,,,,,,,,,,,,,,,,,,,,,,,,,,,,105700,,,,,35461
key5462,5462,,54620,,,,,,,,,,,,,,,,force,cast,1,24,115,45,5,Suzara,530169,,ico06022138,,,408020,408830,408850,,,,,,305301,305401,,,,,,,,,,,,,,,,,,,,,,,,,,,,,,195300,,,,,35462
key5463,5463,,54630,,,,,,,,,,,,,,,,hunter,cast,1,44,122,52,10,Sento,530170,,ico06022139,,,408010,408810,,,,,492210,,305301,,,,,,,,,,,,,,,,,,,,,,,,,,,,,,,225100,,,,,35463
key5464,5464,,54640,,,,,,,,,,,,,,,,ranger,cast,1,75,102,32,5,Clad,530171,,ico06022140,,,408010,408820,,,408470,,,496200,,305401,,,,,,,,,,,,,,,,,,,,,,,,,,,,,,138200,,,,,35464
key5465,5465,,54650,,,,,,,,,,,,,,,,ranger,cast,1,28,114,44,0,Miriald,530172,,ico06022141,,,408020,408820,,,,,493210,494213,,,301401,,,,,,,,,,,,,,,,,,,,,,,,,,,,,331400,,,,,35465
key5466,5466,,54660,,,,,,,,,,,,,,,,force,cast,1,42,112,42,-5,Phutonik,530173,,ico06022142,,,408010,408830,408850,,,,491210,,305301,305401,,,,,,,,,,,,,,,,,,,,,,,,,,,,,,287000,,,,,35466
key5467,5467,,54670,,,,,,,,,,,,,,,,hunter,cast,1,12,126,56,-10,Tausend,530174,,ico06022143,,,408010,408820,,,,,,,,,,,,,,,,,,,,,,,,,,,,,,,,,,,,,,216400,,,,,35467
key5468,5468,,54680,,,,,,,,,,,,,,,,hunter,cast,1,5,109,39,-5,Stein,530175,,ico06022144,,,408020,408820,,,408160,,,501201,,,,,,,,,,,,,,,,,,,,,,,,,,,,,,,,183500,,,,,35468
key5469,5469,,54690,,,,,,,,,,,,,,,,mana,cast,1,9,129,59,0,Phanadul,530176,,ico06022145,,,408010,408820,,,,,,,,,,,,,,,,,,,,,,,,,,,,,,,,,,,,,,274600,,,,,35469
key5470,5470,,54700,,,,,,,,,,,,,,,,ranger,cast,1,14,105,35,5,Pahal,530177,,ico06022146,,,408010,408820,,,,,,,,,,,,,,,,,,,,,,,,,,,,,,,,,,,,,,259800,,,,,35470
key5471,5471,,54710,,,,,,,,,,,,,,,,ranger,cast,1,28,119,49,10,Haru,530178,,ico06022147,,,408030,408810,408880,,408280,,493212,498200,,,,,,,,,,,,,,,,,,,,,,,,,,,,,,,,262100,,,,,35471
key5472,5472,,54720,,,,,,,,,,,,,,,,mana,cast,1,17,113,43,5,Ghassoul,530179,,ico06022148,,,408020,408820,,,,,492212,495211,,,,,,,,,,,,,,,,,,,,,,,,,,,,,,,,111400,,,,,35472
key5473,5473,,54730,,,,,,,,,,,,,,,,force,cast,1,11,101,31,0,Whoval,530180,,ico06022149,,,408010,408830,408860,,408550,,,,305301,305401,,,,,,,,,,,,,,,,,,,,,,,,,,,,,,278200,,,,,35473
key5474,5474,,54740,,,,,,,,,,,,,,,,force,cast,1,30,115,45,-5,Perla,530181,,ico06022150,,,408020,408840,408890,,408560,,,,305301,305401,301401,302401,,,,,,,,,,,,,,,,,,,,,,,,,,,,308900,,,,,35474
key5475,5475,,54750,,,,,,,,,,,,,,,,force,cast,1,7,110,40,-10,Sem,530182,,ico06022151,,,408020,408840,408900,,,,491211,,305301,305401,301401,302401,,,,,,,,,,,,,,,,,,,,,,,,,,,,206800,,,,,35475
key5476,5476,,54760,,,,,,,,,,,,,,,,mana,cast,1,15,120,50,-5,Melgi,530183,,ico06022152,,,408020,408820,,,408120,,,,,,,,,,,,,,,,,,,,,,,,,,,,,,,,,,,335000,,,,,35476
key5477,5477,,54770,,,,,,,,,,,,,,,,hunter,cast,1,16,120,50,0,Ejji,530184,,ico06022153,,,408010,408820,,,408620,,,501200,,,,,,,,,,,,,,,,,,,,,,,,,,,,,,,,84200,,,,,35477
key5478,5478,,54780,,,,,,,,,,,,,,,,hunter,cast,1,43,130,60,5,Morta,530185,,ico06022154,,,408020,408810,,,408420,408460,,,,,,,,,,,,,,,,,,,,,,,,,,,,,,,,,,337500,,,,,35478
key5479,5479,,54790,,,,,,,,,,,,,,,,hunter,cast,1,46,118,48,10,Shams,530186,,ico06022155,,,408030,408820,,,408120,408710,493214,,,,,,,,,,,,,,,,,,,,,,,,,,,,,,,,,180900,,,,,35479
key5480,5480,,54800,,,,,,,,,,,,,,,,ranger,cast,1,25,121,51,5,Mist,530187,,ico06022156,,,408020,408820,,,408220,408720,,,,,,,,,,,,,,,,,,,,,,,,,,,,,,,,,,328300,,,,,35480
key5481,5481,,54810,,,,,,,,,,,,,,,,ranger,cast,1,9,128,58,0,Pedal,530188,,ico06022157,,,408020,408810,,,,,498200,500203,,,,,,,,,,,,,,,,,,,,,,,,,,,,,,,,307400,,,,,35481
key5482,5482,,54820,,,,,,,,,,,,,,,,ranger,cast,1,40,105,35,-5,Maximo,530189,,ico06022158,,,408030,408820,,,408230,408370,408420,,,,,,,,,,,,,,,,,,,,,,,,,,,,,,,,,322300,,,,,35482
key5483,5483,,54830,,,,,,,,,,,,,,,,ranger,cast,1,27,118,48,-10,Ben,530190,,ico06022159,,,408030,408810,,,408520,408680,493213,,,,,,,,,,,,,,,,,,,,,,,,,,,,,,,,,309600,,,,,35483
key5484,5484,,54840,,,,,,,,,,,,,,,,ranger,cast,1,33,124,54,-5,Oscar,530191,,ico06022160,,,408010,408820,,,408240,,,,,,,,,,,,,,,,,,,,,,,,,,,,,,,,,,,100400,,,,,35484
key5485,5485,,54850,,,,,,,,,,,,,,,,force,cast,1,39,119,49,0,Na'ji,530192,,ico06022161,,,408010,408830,408860,,,,,500207,305301,305401,,,,,,,,,,,,,,,,,,,,,,,,,,,,,,241100,,,,,35485
key5486,5486,,54860,,,,,,,,,,,,,,,,force,cast,1,11,106,36,5,Hist,530193,,ico06022162,,,408020,408830,408870,,,,495213,,305301,305401,,,,,,,,,,,,,,,,,,,,,,,,,,,,,,270900,,,,,35486
key5487,5487,,54870,,,,,,,,,,,,,,,,hunter,cast,1,97,128,58,10,Hwyatt,530194,,ico06022163,,,408040,408810,408870,408730,408070,408270,408450,,,,,,,,,,,,,,,,,,,,,,,,,,,,,,,,,317405,,,,,35487
key5488,5488,,54880,,,,,,,,,,,,,,,,force,cast,1,115,122,52,5,Duben,530195,,ico06022164,,,408050,408830,408880,408750,408120,408410,408570,500210,305301,305401,,,,,,,,,,,,,,,,,,,,,,,,,,,,,,236200,,,,,35488
key5489,5489,,54890,,,,,,,,,,,,,,,,mana,cast,1,26,107,37,0,Dyamants,530196,,ico06022165,,,408020,408820,,,,,495213,495214,,,,,,,,,,,,,,,,,,,,,,,,,,,,,,,,226000,,,,,35489
key5490,5490,,54900,,,,,,,,,,,,,,,,mana,cast,1,60,116,46,-5,Phenydee,530197,,ico06022166,,,408030,408820,,,408320,408710,,497200,,,,,,,,,,,,,,,,,,,,,,,,,,,,,,,,279400,,,,,35490
key5491,5491,,54910,,,,,,,,,,,,,,,,hunter,cast,1,41,108,38,-10,Anan,530198,,ico06022167,,,408040,408820,408890,408740,408350,408630,491212,,305301,305401,,,,,,,,,,,,,,,,,,,,,,,,,,,,,,27600,,,,,35491
key5492,5492,,54920,,,,,,,,,,,,,,,,force,cast,1,56,110,40,-5,Mark,530199,,ico06022168,,,408020,408840,408850,,,,493213,,305301,305401,301401,302401,,,,,,,,,,,,,,,,,,,,,,,,,,,,318200,,,,,35492
key5493,5493,,54930,,,,,,,,,,,,,,,,ranger,cast,1,17,126,56,0,Ephes,530200,,ico06022169,,,408020,408820,,,,,496201,500211,,,,,,,,,,,,,,,,,,,,,,,,,,,,,,,,94800,,,,,35493
key5494,5494,,54940,,,,,,,,,,,,,,,,hunter,cast,1,32,108,38,5,Hawke,530201,,ico06022170,,,408030,408820,,,408220,408620,490212,,,,,,,,,,,,,,,,,,,,,,,,,,,,,,,,,313600,,,,,35494
key5495,5495,,54950,,,,,,,,,,,,,,,,force,cast,1,45,114,44,10,Edin,530202,,ico06022171,,,408030,408830,408890,,408130,408230,408310,,305301,305401,,,,,,,,,,,,,,,,,,,,,,,,,,,,,,91700,,,,,35495
key5496,5496,,54960,,,,,,,,,,,,,,,,mana,cast,1,22,101,31,5,Torres,530203,,ico06022172,,,408030,408820,,,408160,408560,,500207,,,,,,,,,,,,,,,,,,,,,,,,,,,,,,,,240800,,,,,35496
key5497,5497,,54970,,,,,,,,,,,,,,,,mana,cast,1,104,130,60,0,Katolz,530204,,ico06022173,,,408040,408820,408900,408730,408180,408460,,498201,,,,,,,,,,,,,,,,,,,,,,,,,,,,,,,,115900,,,,,35497
key5498,5498,,54980,,,,,,,,,,,,,,,,ranger,cast,1,9,128,58,-5,Zorga,530205,,ico06022174,,,408050,408810,408850,408740,408150,408560,493204,501202,,,301401,,,,,,,,,,,,,,,,,,,,,,,,,,,,,210400,,,,,35498
key5499,5499,,54990,,,,,,,,,,,,,,,,hunter,cast,1,12,104,34,-8,Death Mask,530206,,ico06022175,,,408040,408810,408900,408230,408350,408470,,,,,,,,,,,,,,,,,,,,,,,,,,,,,,,,,,231450,,,,,35499
key5500,5500,,55000,,,,,,,,,,,,,,,,force,cast,1,87,115,45,0,Sega Eigyo Man,530207,,ico06022176,,,408010,408830,408890,491210,494211,495210,,,305301,305401,,,,,,,,,,,,,,,,,,,,,,,,,,,,,,204905,,,,,35500
key5501,5501,,55010,,,,,,,,,,,,,,,,mana,cast,1,109,128,58,-10,3Z-103,530208,,ico06022177,,,408040,408810,408860,408170,408660,408670,,,,,,,,,,,,,,,,,,,,,,,,,,,,,,,,,,50,,,,,35501
key5502,5502,,55020,,,,,,,,,,,,,,,,force,cast,1,120,128,58,5, Hal Rhyne,530209,,ico06022178,,,408050,408830,408890,408230,408270,408520,493216,492204,305301,305401,,,,,,,,,,,,,,,,,,,,,,,,,,,,,,263250,,,,,35502
key5503,5503,,55030,,,,,,,,,,,,,,,,ranger,cast,1,13,119,49,10,Sessbard,530210,,ico06022179,,,408050,408820,408880,408240,408360,408560,493215,490213,,,,,,,,,,,,,,,,,,,,,,,,,,,,,,,,205450,,,,,35503
key5504,5504,,55040,,,,,,,,,,,,,,,,hunter,cast,1,61,117,47,-5,Thalmus,530211,,ico06022180,,,409010,408810,408850,408130,408110,408280,408350,408730,401012,404026,,,,,,,,,,,,,,,,,,,,,,,,,,,,,,176850,,,,,35504
key5505,5505,,55050,,,,,,,,,,,,,,,,mana,cast,1,45,126,56,10,ヒーベスト,530212,,ico06022181,,,409010,408810,408900,408170,408410,492217,492218,502201,,,,,,,,,,,,,,,,,,,,,,,,,,,,,,,,269450,,,,,35505
key5601,5601,,56010,,,,,,,,,,,,,,,,hunter,human,2,65,209,109,0,,530000,,,,,,,,,,,,,,,,,,,,,,,,,,,,,,,,,,,,,,,,,,,,0,,,,,
key5602,5602,,56020,,,,,,,,,,,,,,,,hunter,human,2,66,225,125,-5,,530000,,,,,,,,,,,,,,,,,,,,,,,,,,,,,,,,,,,,,,,,,,,,0,,,,,
key5603,5603,,56030,,,,,,,,,,,,,,,,ranger,human,2,67,223,123,-10,,530000,,,,,,,,,,,,,,,,,,,,,,,,,,,,,,,,,,,,,,,,,,,,0,,,,,
key5604,5604,,56040,,,,,,,,,,,,,,,,ranger,human,2,68,212,112,-5,,530000,,,,,,,,,,,,,,,,,,,,,,,,,,,,,,,,,,,,,,,,,,,,0,,,,,
key5605,5605,,56050,,,,,,,,,,,,,,,,force,human,2,69,202,102,0,,530000,,,,,,,,,,,,,305301,305401,,,,,,,,,,,,,,,,,,,,,,,,,,,,,,0,,,,,
key5606,5606,,56060,,,,,,,,,,,,,,,,force,human,2,7,222,122,5,Akane,530223,,ico06022187,,,408010,408840,408900,,,,,,305301,305401,301401,302401,,,,,,,,,,,,,,,,,,,,,,,,,,,,21600,,,,,35606
key5607,5607,,56070,,,,,,,,,,,,,,,,ranger,human,2,29,224,124,10,Lisha,530224,,ico06022188,,,408020,408820,,,408260,,,,,,,,,,,,,,,,,,,,,,,,,,,,,,,,,,,354900,,,,,35607
key5608,5608,,56080,,,,,,,,,,,,,,,,hunter,human,2,46,218,118,5,Cocona,530225,,ico06022189,,,408010,408810,,,,,,,,,,,,,,,,,,,,,,,,,,,,,,,,,,,,,,159100,,,,,35608
key5609,5609,,56090,,,,,,,,,,,,,,,,ranger,human,2,49,201,101,0,Novaan,530226,,ico06022190,,,408010,408810,,,,,,,,,,,,,,,,,,,,,,,,,,,,,,,,,,,,,,162500,,,,,35609
key5610,5610,,56100,,,,,,,,,,,,,,,,force,human,2,37,211,111,-5,Newtoria,530227,,ico06022191,,,408020,408840,408860,,,,,,305301,305401,301401,302401,,,,,,,,,,,,,,,,,,,,,,,,,,,,244800,,,,,35610
key5611,5611,,56110,,,,,,,,,,,,,,,,hunter,human,2,21,229,129,-10,Soran,530228,,ico06022192,,,408010,408820,,,408540,,,,,,,,,,,,,,,,,,,,,,,,,,,,,,,,,,,210100,,,,,35611
key5612,5612,,56120,,,,,,,,,,,,,,,,hunter,human,2,22,203,103,-5,Katra,530229,,ico06022193,,,408020,408810,,,408610,,,,,,,,,,,,,,,,,,,,,,,,,,,,,,,,,,,115800,,,,,35612
key5613,5613,,56130,,,,,,,,,,,,,,,,ranger,human,2,39,219,119,0,Elsa,530230,,ico06022194,,,408010,408820,,,,,,,,,,,,,,,,,,,,,,,,,,,,,,,,,,,,,,95200,,,,,35613
key5614,5614,,56140,,,,,,,,,,,,,,,,ranger,human,2,77,225,125,5,Chana,530231,,ico06022195,,,408020,408820,,,408270,,,,,,,,,,,,,,,,,,,,,,,,,,,,,,,,,,,221600,,,,,35614
key5615,5615,,56150,,,,,,,,,,,,,,,,force,human,2,25,224,124,10,Leila,530232,,ico06022196,,,408010,408840,408850,,,,,,305301,305401,301401,302401,,,,,,,,,,,,,,,,,,,,,,,,,,,,371600,,,,,35615
key5616,5616,,56160,,,,,,,,,,,,,,,,force,human,2,22,217,117,5,Sashal,530233,,ico06022197,,,408020,408830,408880,,,,,,305301,305401,,,,,,,,,,,,,,,,,,,,,,,,,,,,,,169900,,,,,35616
key5617,5617,,56170,,,,,,,,,,,,,,,,hunter,human,2,22,209,109,0,Nadi,530234,,ico06022198,,,408010,408820,,,,,,,,,,,,,,,,,,,,,,,,,,,,,,,,,,,,,,242400,,,,,35617
key5618,5618,,56180,,,,,,,,,,,,,,,,hunter,human,2,18,216,116,-5,Karen,530235,,ico06022199,,,408020,408810,,,,,491210,495210,305301,,,,,,,,,,,,,,,,,,,,,,,,,,,,,,,120500,,,,,35618
key5619,5619,,56190,,,,,,,,,,,,,,,,hunter,human,2,8,213,113,-10,Eclair,530236,,ico06022200,,,408010,408810,,,,,,,,,,,,,,,,,,,,,,,,,,,,,,,,,,,,,,88800,,,,,35619
key5620,5620,,56200,,,,,,,,,,,,,,,,mana,human,2,36,208,108,-5,Bale,530237,,ico06022201,,,408010,408810,,,,,,496200,,,301401,,,,,,,,,,,,,,,,,,,,,,,,,,,,,305500,,,,,35620
key5621,5621,,56210,,,,,,,,,,,,,,,,ranger,human,2,47,215,115,0,Janel,530238,,ico06022202,,,408020,408810,,,,,494213,,,,,302401,,,,,,,,,,,,,,,,,,,,,,,,,,,,180500,,,,,35621
key5622,5622,,56220,,,,,,,,,,,,,,,,force,human,2,37,222,122,5,Sheila,530239,,ico06022203,,,408010,408840,408870,,,,,,305301,305401,301401,302401,,,,,,,,,,,,,,,,,,,,,,,,,,,,175100,,,,,35622
key5623,5623,,56230,,,,,,,,,,,,,,,,force,human,2,30,218,118,10,Viener,530240,,ico06022204,,,408020,408830,408900,,,,493211,,305301,305401,,,,,,,,,,,,,,,,,,,,,,,,,,,,,,58900,,,,,35623
key5624,5624,,56240,,,,,,,,,,,,,,,,mana,human,2,5,203,103,5,Key,530241,,ico06022205,,,408030,408810,,,408070,408180,492211,,,,,,,,,,,,,,,,,,,,,,,,,,,,,,,,,121600,,,,,35624
key5625,5625,,56250,,,,,,,,,,,,,,,,hunter,human,2,15,226,126,0,Mime,530242,,ico06022206,,,408010,408810,,,408230,,,,,,,,,,,,,,,,,,,,,,,,,,,,,,,,,,,318900,,,,,35625
key5626,5626,,56260,,,,,,,,,,,,,,,,hunter,human,2,38,222,122,-5,Thaler,530243,,ico06022207,,,408020,408810,,,408410,,,500202,,,,,,,,,,,,,,,,,,,,,,,,,,,,,,,,213300,,,,,35626
key5627,5627,,56270,,,,,,,,,,,,,,,,hunter,human,2,31,213,113,-10,Amane,530244,,ico06022208,,,408020,408820,,,,,493212,500201,,,,,,,,,,,,,,,,,,,,,,,,,,,,,,,,30900,,,,,35627
key5628,5628,,56280,,,,,,,,,,,,,,,,ranger,human,2,33,211,111,-5,Keinna,530245,,ico06022209,,,408010,408820,,,,,495211,,,,,,,,,,,,,,,,,,,,,,,,,,,,,,,,,151800,,,,,35628
key5629,5629,,56290,,,,,,,,,,,,,,,,ranger,human,2,47,217,117,0,Sulu,530246,,ico06022210,,,408020,408820,,,408360,408690,,,,,,,,,,,,,,,,,,,,,,,,,,,,,,,,,,193900,,,,,35629
key5630,5630,,56300,,,,,,,,,,,,,,,,mana,human,2,43,203,103,5,Henri,530247,,ico06022211,,,408010,408810,,,,,,498201,,,,,,,,,,,,,,,,,,,,,,,,,,,,,,,,51600,,,,,35630
key5631,5631,,56310,,,,,,,,,,,,,,,,force,human,2,27,202,102,10,Avihr,530248,,ico06022212,,,408010,408840,408860,,,,,,305301,305401,301401,302401,,,,,,,,,,,,,,,,,,,,,,,,,,,,19500,,,,,35631
key5632,5632,,56320,,,,,,,,,,,,,,,,force,human,2,61,228,128,5,Ruben,530249,,ico06022213,,,408030,408830,408880,,408080,408170,,500200,305301,305401,,,,,,,,,,,,,,,,,,,,,,,,,,,,,,368500,,,,,35632
key5633,5633,,56330,,,,,,,,,,,,,,,,mana,human,2,98,215,115,0,Narisa,530250,,ico06022214,,,408020,408810,,,,,491211,500207,,,,,,,,,,,,,,,,,,,,,,,,,,,,,,,,243500,,,,,35633
key5634,5634,,56340,,,,,,,,,,,,,,,,mana,human,2,21,218,118,-5,Aira,530251,,ico06022215,,,408020,408820,,,408310,408570,,,,,,,,,,,,,,,,,,,,,,,,,,,,,,,,,,19000,,,,,35634
key5635,5635,,56350,,,,,,,,,,,,,,,,hunter,human,2,47,229,129,-10,Shifir,530252,,ico06022216,,,408010,408810,,,,,494214,,,,,,,,,,,,,,,,,,,,,,,,,,,,,,,,,177400,,,,,35635
key5636,5636,,56360,,,,,,,,,,,,,,,,hunter,human,2,31,227,127,-5,Charune,530253,,ico06022217,,,408020,408810,,,408410,,,,,,,,,,,,,,,,,,,,,,,,,,,,,,,,,,,222700,,,,,35636
key5637,5637,,56370,,,,,,,,,,,,,,,,ranger,human,2,7,210,110,0,Naruj,530254,,ico06022218,,,408020,408820,,,408640,,,501200,,,,,,,,,,,,,,,,,,,,,,,,,,,,,,,,243700,,,,,35637
key5638,5638,,56380,,,,,,,,,,,,,,,,ranger,human,2,42,222,122,5,Renna,530255,,ico06022219,,,408020,408810,,,,,495212,497200,,,,,,,,,,,,,,,,,,,,,,,,,,,,,,,,379700,,,,,35638
key5639,5639,,56390,,,,,,,,,,,,,,,,ranger,human,2,28,218,118,10,Alte,530256,,ico06022220,,,408030,408820,,,408160,408320,492214,500209,,,,,,,,,,,,,,,,,,,,,,,,,,,,,,,,33800,,,,,35639
key5640,5640,,56400,,,,,,,,,,,,,,,,ranger,human,2,32,211,111,5,Bareesh,530257,,ico06022221,,,408030,408820,,,408120,,491211,494212,,,,,,,,,,,,,,,,,,,,,,,,,,,,,,,,259900,,,,,35640
key5641,5641,,56410,,,,,,,,,,,,,,,,ranger,human,2,79,223,123,0,Sosha,530258,,ico06022222,,,408040,408820,408860,408740,408070,408410,408710,,,,,302401,,,,,,,,,,,,,,,,,,,,,,,,,,,,209100,,,,,35641
key5642,5642,,56420,,,,,,,,,,,,,,,,force,human,2,21,215,115,-5,Krim,530259,,ico06022223,,,408010,408840,408890,,,,491211,,305301,305401,301401,302401,,,,,,,,,,,,,,,,,,,,,,,,,,,,146900,,,,,35642
key5643,5643,,56430,,,,,,,,,,,,,,,,force,human,2,64,219,119,-10,Luanna,530260,,ico06022224,,,408020,408840,408870,,408170,,,,305301,305401,301401,302401,,,,,,,,,,,,,,,,,,,,,,,,,,,,368200,,,,,35643
key5644,5644,,56440,,,,,,,,,,,,,,,,force,human,2,78,225,125,-5,Rosalia,530261,,ico06022225,,,408030,408830,408890,,408310,,,497200,305301,305401,,,,,,,,,,,,,,,,,,,,,,,,,,,,,,383500,,,,,35644
key5645,5645,,56450,,,,,,,,,,,,,,,,mana,human,2,122,226,126,0,Kiruno,530262,,ico06022226,,,408010,408820,,,,,495210,495211,,,,,,,,,,,,,,,,,,,,,,,,,,,,,,,,131700,,,,,35645
key5646,5646,,56460,,,,,,,,,,,,,,,,hunter,human,2,35,206,106,5,Kana,530263,,ico06022227,,,408020,408810,,,,,491211,495212,,,,,,,,,,,,,,,,,,,,,,,,,,,,,,,,116000,,,,,35646
key5647,5647,,56470,,,,,,,,,,,,,,,,force,human,2,93,224,124,10,Naru,530264,,ico06022228,,,408020,408840,408880,,,,,501200,305301,305401,301401,302401,,,,,,,,,,,,,,,,,,,,,,,,,,,,243600,,,,,35647
key5648,5648,,56480,,,,,,,,,,,,,,,,ranger,human,2,117,217,117,5,Cellius,530265,,ico06022229,,,408010,408810,,,408350,,,,,,,,,,,,,,,,,,,,,,,,,,,,,,,,,,,206900,,,,,35648
key5649,5649,,56490,,,,,,,,,,,,,,,,hunter,human,2,83,215,115,0,Aida,530266,,ico06022230,,,408020,408810,,,408420,,,501203,,,,,,,,,,,,,,,,,,,,,,,,,,,,,,,,271300,,,,,35649
key5650,5650,,56500,,,,,,,,,,,,,,,,force,human,2,38,204,104,-5,Feelin,530267,,ico06022231,,,408030,408830,408860,,408240,408270,,496202,305301,305401,,,,,,,,,,,,,,,,,,,,,,,,,,,,,,276700,,,,,35650
key5651,5651,,56510,,,,,,,,,,,,,,,,mana,human,2,121,225,125,-10,Taysha,530268,,ico06022232,,,408030,408810,,,408080,,501201,501202,,,,,,,,,,,,,,,,,,,,,,,,,,,,,,,,228200,,,,,35651
key5652,5652,,56520,,,,,,,,,,,,,,,,force,human,2,49,207,107,-5,Plish,530269,,ico06022233,,,408040,408840,408900,408750,495204,499200,501202,,305301,305401,301401,302401,,,,,,,,,,,,,,,,,,,,,,,,,,,,292300,,,,,35652
key5653,5653,,56530,,,,,,,,,,,,,,,,hunter,human,2,24,212,112,0,Leti,530270,,ico06022234,,,408010,408820,,,,,,498200,,,,,,,,,,,,,,,,,,,,,,,,,,,,,,,,379500,,,,,35653
key5654,5654,,56540,,,,,,,,,,,,,,,,ranger,human,2,13,220,120,5,Hasuna,530271,,ico06022235,,,408020,408810,,,,,493213,493214,,,,,,,,,,,,,,,,,,,,,,,,,,,,,,,,256900,,,,,35654
key5655,5655,,56550,,,,,,,,,,,,,,,,hunter,human,2,38,222,122,10,Elea,530272,,ico06022236,,,408020,408810,,,,,,500202,,,,,,,,,,,,,,,,,,,,,,,,,,,,,,,,85500,,,,,35655
key5656,5656,,56560,,,,,,,,,,,,,,,,mana,human,2,27,217,117,5,Rikka,530273,,ico06022237,,,408030,408820,,,408280,408330,491212,,,,,,,,,,,,,,,,,,,,,,,,,,,,,,,,,362000,,,,,35656
key5657,5657,,56570,,,,,,,,,,,,,,,,force,human,2,36,213,113,0,Melcraed,530274,,ico06022238,,,408050,408830,408870,408750,492204,492214,498200,498201,305301,305401,,,,,,,,,,,,,,,,,,,,,,,,,,,,,,335100,,,,,35657
key5658,5658,,56580,,,,,,,,,,,,,,,,ranger,human,2,43,203,103,-5,Selena,530275,,ico06022239,,,408050,408820,408870,408740,408420,497201,499200,500202,,,,,,,,,,,,,,,,,,,,,,,,,,,,,,,,207200,,,,,35658
key5659,5659,,56590,,,,,,,,,,,,,,,,hunter,human,2,74,225,125,-10,Shavi,530276,,ico06022240,,,408020,408820,,,,,491212,,,,,,,,,,,,,,,,,,,,,,,,,,,,,,,,,178600,,,,,35659
key5660,5660,,56600,,,,,,,,,,,,,,,,force,human,2,30,215,115,-5,Verza,530277,,ico06022241,,,408020,408830,408890,,408320,,,,305301,305401,,,,,,,,,,,,,,,,,,,,,,,,,,,,,,77700,,,,,35660
key5661,5661,,56610,,,,,,,,,,,,,,,,ranger,human,2,8,228,128,0,Ati,530278,,ico06022242,,,408030,408820,,,408170,408710,,499200,,,,,,,,,,,,,,,,,,,,,,,,,,,,,,,,26700,,,,,35661
key5662,5662,,56620,,,,,,,,,,,,,,,,mana,human,2,13,207,107,5,Ouka,530279,,ico06022243,,,408030,408810,,,408480,408520,,498201,,,,,,,,,,,,,,,,,,,,,,,,,,,,,,,,97400,,,,,35662
key5663,5663,,56630,,,,,,,,,,,,,,,,force,human,2,51,211,111,10,Lumia,530280,,ico06022244,,,408040,408840,408880,408750,408650,,491212,497201,305301,305401,301401,302401,,,,,,,,,,,,,,,,,,,,,,,,,,,,369000,,,,,35663
key5664,5664,,56640,,,,,,,,,,,,,,,,ranger,human,2,28,218,118,5,Midi,530281,,ico06022245,,,408050,408810,408880,408740,408080,408280,408360,492204,,,,,,,,,,,,,,,,,,,,,,,,,,,,,,,,328500,,,,,35664
key5665,5665,,56650,,,,,,,,,,,,,,,,mana,human,2,43,224,124,5,Faith,530282,,ico06022246,,,409000,408820,408850,408170,408470,408570,408750,492215,401012,404026,,,,,,,,,,,,,,,,,,,,,,,,,,,,,,274550,,,,,35665
key5666,5666,,56660,,,,,,,,,,,,,,,,hunter,human,2,63,229,129,-10,Catherine,530283,,ico06022247,,,408050,408820,408890,408110,408460,493215,496202,502201,,,,,,,,,,,,,,,,,,,,,,,,,,,,,,,,127050,,,,,35666
key5667,5667,,56670,,,,,,,,,,,,,,,,ranger,human,2,40,223,123,2,Rudy,530284,,ico06022248,,,409000,408820,408860,408210,490214,493219,502201,504201,,,,,,,,,,,,,,,,,,,,,,,,,,,,,,,,368450,,,,,35667
key5668,5668,,56680,,,,,,,,,,,,,,,,force,human,2,49,212,112,10,Miriza,530285,,ico06022249,,,409010,408830,408870,408240,408450,408500,490214,503201,305301,305401,,,,,,,,,,,,,,,,,,,,,,,,,,,,,,331450,,,,,35668
key5669,5669,,56690,,,,,,,,,,,,,,,,ranger,human,2,4,213,113,0,Lea,530286,,ico06022250,,,408040,408820,408150,408630,408690,408740,,,,,,,,,,,,,,,,,,,,,,,,,,,,,,,,,,354305,,,,,35669
key5801,5801,,58010,,,,,,,,,,,,,,,,hunter,newman,2,9,210,110,0,,530000,,,,,,,,,,,,,,,,,,,,,,,,,,,,,,,,,,,,,,,,,,,,0,,,,,
key5802,5802,,58020,,,,,,,,,,,,,,,,ranger,newman,2,10,211,111,-5,,530000,,,,,,,,,,,,,,,,,,,,,,,,,,,,,,,,,,,,,,,,,,,,0,,,,,
key5803,5803,,58030,,,,,,,,,,,,,,,,force,newman,2,11,228,128,-10,,530000,,,,,,,,,,,,,305301,305401,301401,302401,,,,,,,,,,,,,,,,,,,,,,,,,,,,0,,,,,
key5804,5804,,58040,,,,,,,,,,,,,,,,hunter,newman,2,12,214,114,-5,,530000,,,,,,,,,,,,,,,,,,,,,,,,,,,,,,,,,,,,,,,,,,,,0,,,,,
key5805,5805,,58050,,,,,,,,,,,,,,,,ranger,newman,2,21,202,102,0,Rache,530302,,ico06022262,,,408020,408820,,,408270,,,,,,,,,,,,,,,,,,,,,,,,,,,,,,,,,,,341300,,,,,35805
key5806,5806,,58060,,,,,,,,,,,,,,,,hunter,newman,2,18,207,107,5,Nokko,530303,,ico06022263,,,408010,408810,,,408190,,,,,,,,,,,,,,,,,,,,,,,,,,,,,,,,,,,251100,,,,,35806
key5807,5807,,58070,,,,,,,,,,,,,,,,hunter,newman,2,33,212,112,10,Charl,530304,,ico06022264,,,408020,408820,,,408500,408520,,,,,,,,,,,,,,,,,,,,,,,,,,,,,,,,,,221500,,,,,35807
key5808,5808,,58080,,,,,,,,,,,,,,,,ranger,newman,2,24,228,128,5,Jute,530305,,ico06022265,,,408010,408820,,,,,,,,,,,,,,,,,,,,,,,,,,,,,,,,,,,,,,183600,,,,,35808
key5809,5809,,58090,,,,,,,,,,,,,,,,force,newman,2,54,220,120,0,Ellis,530306,,ico06022266,,,408020,408830,408900,,408120,,,,305301,305401,,,,,,,,,,,,,,,,,,,,,,,,,,,,,,95100,,,,,35809
key5810,5810,,58100,,,,,,,,,,,,,,,,mana,newman,2,25,204,104,-5,Phravo,530307,,ico06022267,,,408010,408820,,,,,490210,,305301,,,,,,,,,,,,,,,,,,,,,,,,,,,,,,,288200,,,,,35810
key5811,5811,,58110,,,,,,,,,,,,,,,,hunter,newman,2,64,227,127,-10,Elthy,530308,,ico06022268,,,408020,408810,,,,,,496201,,305401,,,,,,,,,,,,,,,,,,,,,,,,,,,,,,95400,,,,,35811
key5812,5812,,58120,,,,,,,,,,,,,,,,ranger,newman,2,106,223,123,-5,Bruna,530309,,ico06022269,,,408020,408820,,,,,494211,,,,301401,,,,,,,,,,,,,,,,,,,,,,,,,,,,,294400,,,,,35812
key5813,5813,,58130,,,,,,,,,,,,,,,,force,newman,2,71,224,124,0,Luna,530310,,ico06022270,,,408010,408840,408850,,,,,,305301,305401,301401,302401,,,,,,,,,,,,,,,,,,,,,,,,,,,,368900,,,,,35813
key5814,5814,,58140,,,,,,,,,,,,,,,,force,newman,2,38,206,106,5,Olivia,530311,,ico06022271,,,408020,408830,408880,,,,,,305301,305401,,,,,,,,,,,,,,,,,,,,,,,,,,,,,,101200,,,,,35814
key5815,5815,,58150,,,,,,,,,,,,,,,,mana,newman,2,63,205,105,10,Aiden,530312,,ico06022272,,,408020,408810,,,,,490211,493211,,,,302401,,,,,,,,,,,,,,,,,,,,,,,,,,,,26800,,,,,35815
key5816,5816,,58160,,,,,,,,,,,,,,,,hunter,newman,2,46,214,114,5,Soleil,530313,,ico06022273,,,408010,408810,,,408620,,,,,,,,,,,,,,,,,,,,,,,,,,,,,,,,,,,210700,,,,,35816
key5817,5817,,58170,,,,,,,,,,,,,,,,mana,newman,2,41,201,101,0,Lily,530314,,ico06022274,,,408030,408810,,,408280,408710,,496201,,,,,,,,,,,,,,,,,,,,,,,,,,,,,,,,366200,,,,,35817
key5818,5818,,58180,,,,,,,,,,,,,,,,hunter,newman,2,33,212,112,-5,Aym,530315,,ico06022275,,,408020,408810,,,,,496201,500206,,,,,,,,,,,,,,,,,,,,,,,,,,,,,,,,18900,,,,,35818
key5819,5819,,58190,,,,,,,,,,,,,,,,ranger,newman,2,64,230,130,-10,Ryais,530316,,ico06022276,,,408010,408820,,,408700,,,,,,,,,,,,,,,,,,,,,,,,,,,,,,,,,,,364800,,,,,35819
key5820,5820,,58200,,,,,,,,,,,,,,,,ranger,newman,2,23,211,111,-5,Nanoha,530317,,ico06022277,,,408020,408810,,,408330,,,,,,,,,,,,,,,,,,,,,,,,,,,,,,,,,,,242500,,,,,35820
key5821,5821,,58210,,,,,,,,,,,,,,,,ranger,newman,2,35,209,109,0,Olga,530318,,ico06022278,,,408020,408810,,,,,495211,500210,,,,,,,,,,,,,,,,,,,,,,,,,,,,,,,,104300,,,,,35821
key5822,5822,,58220,,,,,,,,,,,,,,,,force,newman,2,32,220,120,5,Niah,530319,,ico06022279,,,408010,408830,408890,,,,,,305301,305401,,,,,,,,,,,,,,,,,,,,,,,,,,,,,,243800,,,,,35822
key5823,5823,,58230,,,,,,,,,,,,,,,,force,newman,2,15,208,108,10,Totia,530320,,ico06022280,,,408020,408840,408900,,408650,,,,305301,305401,301401,302401,,,,,,,,,,,,,,,,,,,,,,,,,,,,237500,,,,,35823
key5824,5824,,58240,,,,,,,,,,,,,,,,force,newman,2,39,216,116,5,Irina,530321,,ico06022281,,,408010,408830,408900,,,,,500209,305301,305401,,,,,,,,,,,,,,,,,,,,,,,,,,,,,,55300,,,,,35824
key5825,5825,,58250,,,,,,,,,,,,,,,,mana,newman,2,59,227,127,0,Sara,530322,,ico06022282,,,408020,408820,,,408190,408670,,,,,,,,,,,,,,,,,,,,,,,,,,,,,,,,,,171600,,,,,35825
key5826,5826,,58260,,,,,,,,,,,,,,,,hunter,newman,2,24,201,101,-5,Gulushi,530323,,ico06022283,,,408020,408810,,,,,495212,,,,,,,,,,,,,,,,,,,,,,,,,,,,,,,,,148000,,,,,35826
key5827,5827,,58270,,,,,,,,,,,,,,,,hunter,newman,2,27,212,112,-10,Neil'n,530324,,ico06022284,,,408020,408820,,,,,495213,,,,,,,,,,,,,,,,,,,,,,,,,,,,,,,,,245500,,,,,35827
key5828,5828,,58280,,,,,,,,,,,,,,,,hunter,newman,2,48,217,117,-5,Rosetta,530325,,ico06022285,,,408030,408810,,,408310,408530,492211,492212,,,,,,,,,,,,,,,,,,,,,,,,,,,,,,,,383700,,,,,35828
key5829,5829,,58290,,,,,,,,,,,,,,,,hunter,newman,2,36,219,119,0,Potah,530326,,ico06022286,,,408030,408820,,,408240,408370,408610,,,,,,,,,,,,,,,,,,,,,,,,,,,,,,,,,314600,,,,,35829
key5830,5830,,58300,,,,,,,,,,,,,,,,hunter,newman,2,40,221,121,5,Faim,530327,,ico06022287,,,408020,408820,408890,,,,,499200,305301,305401,,,,,,,,,,,,,,,,,,,,,,,,,,,,,,274100,,,,,35830
key5831,5831,,58310,,,,,,,,,,,,,,,,ranger,newman,2,65,224,124,10,Sakura,530328,,ico06022288,,,408010,408820,,,408200,,,496201,,,,,,,,,,,,,,,,,,,,,,,,,,,,,,,,169100,,,,,35831
key5832,5832,,58320,,,,,,,,,,,,,,,,ranger,newman,2,47,229,129,5,Selilia,530329,,ico06022289,,,408020,408810,,,408130,408510,,,,,,,,,,,,,,,,,,,,,,,,,,,,,,,,,,207100,,,,,35832
key5833,5833,,58330,,,,,,,,,,,,,,,,force,newman,2,3,226,126,0,Hosuki,530330,,ico06022290,,,408050,408830,408850,408750,408080,408550,497200,501202,305301,305401,301401,,,,,,,,,,,,,,,,,,,,,,,,,,,,,313700,,,,,35833
key5834,5834,,58340,,,,,,,,,,,,,,,,force,newman,2,31,221,121,-5,Teana,530331,,ico06022291,,,408020,408840,408850,,408650,,,,305301,305401,301401,302401,,,,,,,,,,,,,,,,,,,,,,,,,,,,225500,,,,,35834
key5835,5835,,58350,,,,,,,,,,,,,,,,force,newman,2,51,218,118,-10,Maire,530332,,ico06022292,,,408030,408840,408890,,408380,408420,493214,,305301,305401,301401,302401,,,,,,,,,,,,,,,,,,,,,,,,,,,,331900,,,,,35835
key5836,5836,,58360,,,,,,,,,,,,,,,,force,newman,2,130,216,116,-5,Ennea,530333,,ico06022293,,,408010,408840,408860,,,,,496202,305301,305401,301401,302401,,,,,,,,,,,,,,,,,,,,,,,,,,,,97200,,,,,35836
key5837,5837,,58370,,,,,,,,,,,,,,,,hunter,newman,2,24,202,102,0,Shaolin,530334,,ico06022294,,,408020,408820,,,,408550,,500203,,,,,,,,,,,,,,,,,,,,,,,,,,,,,,,,178700,,,,,35837
key5838,5838,,58380,,,,,,,,,,,,,,,,ranger,newman,2,25,222,122,5,Mocha,530335,,ico06022295,,,408020,408810,,,408280,,,501200,,,,,,,,,,,,,,,,,,,,,,,,,,,,,,,,335800,,,,,35838
key5839,5839,,58390,,,,,,,,,,,,,,,,mana,newman,2,16,221,121,10,Fie,530336,,ico06022296,,,408020,408810,,,408330,,,,,,,,,,,,,,,,,,,,,,,,,,,,,,,,,,,276600,,,,,35839
key5840,5840,,58400,,,,,,,,,,,,,,,,mana,newman,2,12,227,127,5,Atria,530337,,ico06022297,,,408030,408810,,,408110,408150,495214,,,,,,,,,,,,,,,,,,,,,,,,,,,,,,,,,27400,,,,,35840
key5841,5841,,58410,,,,,,,,,,,,,,,,force,newman,2,44,204,104,0,Petok,530338,,ico06022298,,,408040,408830,408860,408750,,496200,497201,500209,305301,305401,,,,,,,,,,,,,,,,,,,,,,,,,,,,,,307800,,,,,35841
key5842,5842,,58420,,,,,,,,,,,,,,,,ranger,newman,2,106,229,129,-5,Kaede,530339,,ico06022299,,,408010,408820,,,,,495213,,,,,,,,,,,,,,,,,,,,,,,,,,,,,,,,,110000,,,,,35842
key5843,5843,,58430,,,,,,,,,,,,,,,,hunter,newman,2,65,202,102,-10,Myuu,530340,,ico06022300,,,408020,408820,,,,,495214,,,,,,,,,,,,,,,,,,,,,,,,,,,,,,,,,331100,,,,,35843
key5844,5844,,58440,,,,,,,,,,,,,,,,mana,newman,2,21,214,114,-5,Noatil,530341,,ico06022301,,,408030,408810,,,,495212,495213,496200,,,,,,,,,,,,,,,,,,,,,,,,,,,,,,,,246700,,,,,35844
key5845,5845,,58450,,,,,,,,,,,,,,,,mana,newman,2,22,222,122,0,Phyuthi,530342,,ico06022302,,,408040,408810,408880,408730,408070,408540,408670,,,,,,,,,,,,,,,,,,,,,,,,,,,,,,,,,287700,,,,,35845
key5846,5846,,58460,,,,,,,,,,,,,,,,ranger,newman,2,59,230,130,5,Marise,530343,,ico06022303,,,408020,408820,,,408550,408630,,,,,,,,,,,,,,,,,,,,,,,,,,,,,,,,,,326700,,,,,35846
key5847,5847,,58470,,,,,,,,,,,,,,,,force,newman,2,26,224,124,10,Aplaire,530344,,ico06022304,,,408020,408840,408900,,408460,,,,305301,305401,301401,302401,,,,,,,,,,,,,,,,,,,,,,,,,,,,29800,,,,,35847
key5848,5848,,58480,,,,,,,,,,,,,,,,hunter,newman,2,47,217,117,5,Shest,530345,,ico06022305,,,408050,408820,408900,408730,408070,408180,408450,498200,,,,,,,,,,,,,,,,,,,,,,,,,,,,,,,,175700,,,,,35848
key5849,5849,,58490,,,,,,,,,,,,,,,,force,newman,2,38,301,219,0,Echo,530346,,ico06022306,,,408020,,,408650,408480,,,,305301,305401,301401,302401,,,,,,,,,,,,,,,,,,,,,,,,,,,,88900,,,,,35849
key5850,5850,,58500,,,,,,,,,,,,,,,,hunter,newman,2,93,204,104,8,Dengeki Erena,530347,,ico06022307,,,408020,408820,408870,408690,491210,491211,,,,,,,,,,,,,,,,,,,,,,,,,,,,,,,,,,234805,,,,,35850
key5851,5851,,58510,,,,,,,,,,,,,,,,force,newman,2,117,204,104,8,Dengeki Sister,530348,,ico06022308,,,408040,408830,408870,408520,408650,408720,,,305301,305401,,,,,,,,,,,,,,,,,,,,,,,,,,,,,,234810,,,,,35851
key5852,5852,,58520,,,,,,,,,,,,,,,,force,newman,2,38,213,113,7,Stella,530349,,ico06022309,,,408030,408840,408880,408460,408470,494214,,,305301,305401,301401,302401,,,,,,,,,,,,,,,,,,,,,,,,,,,,198505,,,,,35852
key5853,5853,,58530,,,,,,,,,,,,,,,,force,newman,2,106,225,125,0,Seina,530350,,ico06022310,,,409000,408830,408900,408180,408360,408560,408750,493215,305301,305401,,,,,,,,,,,,,,,,,,,,,,,,,,,,,,204550,,,,,35853
key5854,5854,,58540,,,,,,,,,,,,,,,,mana,newman,2,27,218,118,4,Tasha,530351,,ico06022311,,,408050,408820,408850,408180,408350,408460,492204,502202,,,,,,,,,,,,,,,,,,,,,,,,,,,,,,,,213250,,,,,35854
key5855,5855,,58550,,,,,,,,,,,,,,,,ranger,newman,2,14,216,116,10,Lattice,530352,,ico06022312,,,409010,408810,408870,408080,408120,408210,490214,502201,401012,404026,,,,,,,,,,,,,,,,,,,,,,,,,,,,,,349350,,,,,35855
key5856,5856,,58560,,,,,,,,,,,,,,,,hunter,newman,2,56,219,119,0,Rivi,530353,,ico06022313,,,409010,408820,408890,408170,408450,490213,492215,493218,,,,,,,,,,,,,,,,,,,,,,,,,,,,,,,,360850,,,,,35856
key5857,5857,,58570,,,,,,,,,,,,,,,,force,newman,2,49,226,126,0,Salyu,530354,,ico06022314,,,408020,408840,408230,408710,408750,,,,305301,305401,301401,302401,,,,,,,,,,,,,,,,,,,,,,,,,,,,172450,,,,,35857
key5858,5858,,58580,,,,,,,,,,,,,,,,force,newman,2,32,225,125,2,Nekiko,530355,,ico06022315,,,408040,408840,408900,408540,408690,408750,,,305301,305401,301401,302401,,,,,,,,,,,,,,,,,,,,,,,,,,,,245930,,,,,35858
key5859,5859,,58590,,,,,,,,,,,,,,,,ranger,newman,2,36,208,108,8,Nekimi,530356,,ico06022316,,,408020,408810,408860,408220,491212,495210,,,,,,,,,,,,,,,,,,,,,,,,,,,,,,,,,,245960,,,,,35859
key5951,5951,,59510,,,,,,,,,,,,,,,,hunter,cast,2,69,224,154,10,,530000,,,,,,,,,,,,,,,,,,,,,,,,,,,,,,,,,,,,,,,,,,,,0,,,,,
key5952,5952,,59520,,,,,,,,,,,,,,,,ranger,cast,2,70,206,136,5,,530000,,,,,,,,,,,,,,,,,,,,,,,,,,,,,,,,,,,,,,,,,,,,0,,,,,
key5953,5953,,59530,,,,,,,,,,,,,,,,force,cast,2,16,207,137,0,リレイザ,530360,,ico06022318,,,408020,408830,408870,,,,,,305301,305401,,,,,,,,,,,,,,,,,,,,,,,,,,,,,,366600,,,,,35953
key5954,5954,,59540,,,,,,,,,,,,,,,,hunter,cast,2,63,210,140,-5,フウラ,530361,,ico06022319,,,408010,408810,,,,,,,,,,,,,,,,,,,,,,,,,,,,,,,,,,,,,,278700,,,,,35954
key5955,5955,,59550,,,,,,,,,,,,,,,,force,cast,2,74,225,155,-10,イザヨイ,530362,,ico06022320,,,408020,408840,408880,,408210,,,,305301,305401,301401,302401,,,,,,,,,,,,,,,,,,,,,,,,,,,,54100,,,,,35955
key5956,5956,,59560,,,,,,,,,,,,,,,,hunter,cast,2,49,204,134,-5,スレーティー,530363,,ico06022321,,,408020,408810,,,408240,,,,,,,,,,,,,,,,,,,,,,,,,,,,,,,,,,,203300,,,,,35956
key5957,5957,,59570,,,,,,,,,,,,,,,,ranger,cast,2,49,208,138,0,ブラン,530364,,ico06022322,,,408010,408810,,,408350,,,,,,,,,,,,,,,,,,,,,,,,,,,,,,,,,,,290900,,,,,35957
key5958,5958,,59580,,,,,,,,,,,,,,,,force,cast,2,43,216,146,5,セフィード,530365,,ico06022323,,,408020,408840,408860,,,,491210,,305301,305401,301401,302401,,,,,,,,,,,,,,,,,,,,,,,,,,,,206600,,,,,35958
key5959,5959,,59590,,,,,,,,,,,,,,,,hunter,cast,2,122,223,153,10,シャローシュ,530366,,ico06022324,,,408010,408820,,,,,,,,,,,,,,,,,,,,,,,,,,,,,,,,,,,,,,181100,,,,,35959
key5960,5960,,59600,,,,,,,,,,,,,,,,hunter,cast,2,53,230,160,5,フォルティ,530367,,ico06022325,,,408020,408810,,,,,494212,,,305401,,,,,,,,,,,,,,,,,,,,,,,,,,,,,,281400,,,,,35960
key5961,5961,,59610,,,,,,,,,,,,,,,,ranger,cast,2,63,220,150,0,アリティア,530368,,ico06022326,,,408020,408810,,,,,494212,,,,301401,,,,,,,,,,,,,,,,,,,,,,,,,,,,,31400,,,,,35961
key5962,5962,,59620,,,,,,,,,,,,,,,,ranger,cast,2,65,214,144,-5,アンガルダ,530369,,ico06022327,,,408010,408820,,,,,492210,,,,,302401,,,,,,,,,,,,,,,,,,,,,,,,,,,,50000,,,,,35962
key5963,5963,,59630,,,,,,,,,,,,,,,,force,cast,2,32,206,136,-10,ファール,530370,,ico06022328,,,408020,408830,408870,,,,493211,,305301,305401,,,,,,,,,,,,,,,,,,,,,,,,,,,,,,273700,,,,,35963
key5964,5964,,59640,,,,,,,,,,,,,,,,mana,cast,2,122,207,137,-5,イロハ,530371,,ico06022329,,,408020,408820,,,,,494211,494212,,,,,,,,,,,,,,,,,,,,,,,,,,,,,,,,56200,,,,,35964
key5965,5965,,59650,,,,,,,,,,,,,,,,hunter,cast,2,38,229,159,0,ニーザ,530372,,ico06022330,,,408010,408810,,,,,492211,,,,,,,,,,,,,,,,,,,,,,,,,,,,,,,,,243900,,,,,35965
key5966,5966,,59660,,,,,,,,,,,,,,,,hunter,cast,2,21,223,153,5,ベロニカ,530373,,ico06022331,,,408020,408820,,,408300,408320,,,,,,,,,,,,,,,,,,,,,,,,,,,,,,,,,,309400,,,,,35966
key5967,5967,,59670,,,,,,,,,,,,,,,,hunter,cast,2,48,206,136,10,リオリナ,530374,,ico06022332,,,408010,408810,,,,,493212,,,,,,,,,,,,,,,,,,,,,,,,,,,,,,,,,361300,,,,,35967
key5968,5968,,59680,,,,,,,,,,,,,,,,ranger,cast,2,54,230,160,5,ローズ,530375,,ico06022333,,,408010,408820,,,,,,,,,,,,,,,,,,,,,,,,,,,,,,,,,,,,,,382000,,,,,35968
key5969,5969,,59690,,,,,,,,,,,,,,,,ranger,cast,2,37,204,134,0,レコル,530376,,ico06022334,,,408020,408810,,,408220,,,,,,,,,,,,,,,,,,,,,,,,,,,,,,,,,,,374900,,,,,35969
key5970,5970,,59700,,,,,,,,,,,,,,,,ranger,cast,2,42,205,135,-5,ティーン,530377,,ico06022335,,,408020,408820,,,,,494214,500206,,,,,,,,,,,,,,,,,,,,,,,,,,,,,,,,227200,,,,,35970
key5971,5971,,59710,,,,,,,,,,,,,,,,mana,cast,2,63,210,140,-10,シモネ,530378,,ico06022336,,,408010,408810,,,408720,,,,,,,,,,,,,,,,,,,,,,,,,,,,,,,,,,,177900,,,,,35971
key5972,5972,,59720,,,,,,,,,,,,,,,,force,cast,2,31,221,151,-5,カーミル,530379,,ico06022337,,,408030,408830,408900,,408070,408650,,500200,305301,305401,,,,,,,,,,,,,,,,,,,,,,,,,,,,,,109400,,,,,35972
key5973,5973,,59730,,,,,,,,,,,,,,,,force,cast,2,36,202,132,0,ユーリ,530380,,ico06022338,,,408020,408840,408890,,,,,500202,305301,305401,301401,302401,,,,,,,,,,,,,,,,,,,,,,,,,,,,339300,,,,,35973
key5974,5974,,59740,,,,,,,,,,,,,,,,mana,cast,2,45,216,146,5,ユクリア,530381,,ico06022339,,,408020,408810,,,408360,408700,,,,,,,,,,,,,,,,,,,,,,,,,,,,,,,,,,339400,,,,,35974
key5975,5975,,59750,,,,,,,,,,,,,,,,hunter,cast,2,23,213,143,10,ハヌート,530382,,ico06022340,,,408010,408810,,,,,493213,,,,,,,,,,,,,,,,,,,,,,,,,,,,,,,,,259700,,,,,35975
key5976,5976,,59760,,,,,,,,,,,,,,,,hunter,cast,2,77,225,155,5,ラナ,530383,,ico06022341,,,408050,408820,408730,408070,408110,408270,408350,501201,,,,,,,,,,,,,,,,,,,,,,,,,,,,,,,,349400,,,,,35976
key5977,5977,,59770,,,,,,,,,,,,,,,,hunter,cast,2,36,211,141,0,エステレラ,530384,,ico06022342,,,408030,408810,,,408150,408490,492213,,,,,,,,,,,,,,,,,,,,,,,,,,,,,,,,,91100,,,,,35977
key5978,5978,,59780,,,,,,,,,,,,,,,,ranger,cast,2,35,205,135,-5,イッカ,530385,,ico06022343,,,408010,408820,,,,,490212,,,,,,,,,,,,,,,,,,,,,,,,,,,,,,,,,53805,,,,,35978
key5979,5979,,59790,,,,,,,,,,,,,,,,ranger,cast,2,23,226,156,-10,ジャニス,530386,,ico06022344,,,408020,408810,,,,,498201,500210,,,,,,,,,,,,,,,,,,,,,,,,,,,,,,,,180400,,,,,35979
key5980,5980,,59800,,,,,,,,,,,,,,,,force,cast,2,25,203,133,-5,テーシャ,530387,,ico06022345,,,408020,408840,408880,,408180,,,,305301,305401,301401,302401,,,,,,,,,,,,,,,,,,,,,,,,,,,,229300,,,,,35980
key5981,5981,,59810,,,,,,,,,,,,,,,,force,cast,2,49,208,138,0,アガスト,530388,,ico06022346,,,408020,408840,408900,,,,490212,,305301,305401,301401,302401,,,,,,,,,,,,,,,,,,,,,,,,,,,,21500,,,,,35981
key5982,5982,,59820,,,,,,,,,,,,,,,,force,cast,2,57,220,150,5,メディア,530389,,ico06022347,,,408030,408830,408870,,408330,,,501201,305301,305401,,,,,,,,,,,,,,,,,,,,,,,,,,,,,,332900,,,,,35982
key5983,5983,,59830,,,,,,,,,,,,,,,,force,cast,2,21,228,158,10,リピエッツ,530390,,ico06022348,,,408030,408840,408880,,408160,408450,408520,,305301,305401,301401,302401,,,,,,,,,,,,,,,,,,,,,,,,,,,,363500,,,,,35983
key5984,5984,,59840,,,,,,,,,,,,,,,,force,cast,2,63,210,140,5,ティルキス,530391,,ico06022349,,,408010,408830,408900,,408660,,,,305301,305401,,,,,,,,,,,,,,,,,,,,,,,,,,,,,,229000,,,,,35984
key5985,5985,,59850,,,,,,,,,,,,,,,,hunter,cast,2,98,208,138,0,ナズミ,530392,,ico06022350,,,408010,408820,,,,,495212,,,,,,,,,,,,,,,,,,,,,,,,,,,,,,,,,242100,,,,,35985
key5986,5986,,59860,,,,,,,,,,,,,,,,mana,cast,2,109,205,135,-5,レイニー,530393,,ico06022351,,,408020,408810,,,408630,,501203,,,,,,,,,,,,,,,,,,,,,,,,,,,,,,,,,370400,,,,,35986
key5987,5987,,59870,,,,,,,,,,,,,,,,ranger,cast,2,18,218,148,-10,キュトラス,530394,,ico06022352,,,408020,408820,,,408280,,495204,,,,,,,,,,,,,,,,,,,,,,,,,,,,,,,,,128800,,,,,35987
key5988,5988,,59880,,,,,,,,,,,,,,,,mana,cast,2,47,212,142,-5,スクリア,530395,,ico06022353,,,408030,408820,,,408500,408670,408690,,,,,,,,,,,,,,,,,,,,,,,,,,,,,,,,,194700,,,,,35988
key5989,5989,,59890,,,,,,,,,,,,,,,,force,cast,2,105,210,140,0,タアリ,530396,,ico06022354,,,408040,408830,408880,408750,,491210,495204,496202,305301,305401,,,,,,,,,,,,,,,,,,,,,,,,,,,,,,213400,,,,,35989
key5990,5990,,59900,,,,,,,,,,,,,,,,ranger,cast,2,32,206,136,5,リューナ,530397,,ico06022355,,,408010,408820,,,,,490211,,,,,,,,,,,,,,,,,,,,,,,,,,,,,,,,,366100,,,,,35990
key5991,5991,,59910,,,,,,,,,,,,,,,,force,cast,2,39,205,135,10,トパス,530398,,ico06022356,,,408010,408830,408900,,,,,496200,305301,305401,,,,,,,,,,,,,,,,,,,,,,,,,,,,,,238100,,,,,35991
key5992,5992,,59920,,,,,,,,,,,,,,,,ranger,cast,2,18,208,138,5,メリッサ,530399,,ico06022357,,,408020,408820,,,,,,496200,,,,,,,,,,,,,,,,,,,,,,,,,,,,,,,,334900,,,,,35992
key5993,5993,,59930,,,,,,,,,,,,,,,,mana,cast,2,53,230,160,0,ネオン,530400,,ico06022358,,,408030,408810,,,408160,,492204,500203,,,,,,,,,,,,,,,,,,,,,,,,,,,,,,,,245900,,,,,35993
key5994,5994,,59940,,,,,,,,,,,,,,,,force,cast,2,18,216,146,-5,サーラル,530401,,ico06022359,,,408030,408840,408850,,,491212,493204,500200,305301,305401,301401,302401,,,,,,,,,,,,,,,,,,,,,,,,,,,,167300,,,,,35994
key5995,5995,,59950,,,,,,,,,,,,,,,,hunter,cast,2,25,209,139,-10,フィアロヴィー,530402,,ico06022360,,,408040,408810,408850,408730,408570,,493204,493214,,,301401,,,,,,,,,,,,,,,,,,,,,,,,,,,,,276500,,,,,35995
key5996,5996,,59960,,,,,,,,,,,,,,,,ranger,cast,2,12,227,157,-5,アニシュ,530403,,ico06022361,,,408020,408820,,,408110,,,,,,,,,,,,,,,,,,,,,,,,,,,,,,,,,,,27700,,,,,35996
key5997,5997,,59970,,,,,,,,,,,,,,,,hunter,cast,2,38,201,131,0,プレイア,530404,,ico06022362,,,408040,408820,408860,408730,408080,408570,,500208,,,,302401,,,,,,,,,,,,,,,,,,,,,,,,,,,,295500,,,,,35997
key5998,5998,,59980,,,,,,,,,,,,,,,,mana,cast,2,106,205,135,5,エラハ,530405,,ico06022363,,,408050,408820,408870,408730,408740,408750,408360,408480,,,,,,,,,,,,,,,,,,,,,,,,,,,,,,,,94900,,,,,35998
key5999,5999,,59990,,,,,,,,,,,,,,,,ranger,cast,2,123,220,150,2,デンゲキばず～こ,530406,,ico06022364,,,408040,408820,408870,408150,408450,408680,,,,,,,,,,,,,,,,,,,,,,,,,,,,,,,,,,234815,,,,,35999
key6000,6000,,60000,,,,,,,,,,,,,,,,ranger,cast,2,121,217,147,5,スプリットコロナ,530407,,ico06022365,,,409000,408820,408870,408240,408450,408570,408710,408740,401012,404026,,,,,,,,,,,,,,,,,,,,,,,,,,,,,,200550,,,,,36000
key6001,6001,,60010,,,,,,,,,,,,,,,,hunter,cast,2,109,221,151,10,ティセリア,530408,,ico06022366,,,408050,408810,408900,408150,408270,408480,493204,502202,,,,,,,,,,,,,,,,,,,,,,,,,,,,,,,,228650,,,,,36001
key6002,6002,,60020,,,,,,,,,,,,,,,,force,cast,2,153,,,0,コウエン,530448,,ico06021800,,,408030,,,,,,,,,,,,,,,,,,,,,,,,,,,,,,,,,,,,,,,155050,,,,,30033
key6003,6003,,60030,,,,,,,,,,,,,,,,mana,cast,2,46,214,144,10,リューフィ,530410,,ico06022368,,,409000,408820,408850,408230,408360,492219,493217,504201,,,,,,,,,,,,,,,,,,,,,,,,,,,,,,,,366102,,,,,36003
key6004,6004,,60040,,,,,,,,,,,,,,,,force,cast,2,48,205,135,10,テニア,530411,,ico06022369,,,409010,408840,408880,408160,408330,493217,492216,503201,305301,305401,301401,302401,,,,,,,,,,,,,,,,,,,,,,,,,,,,233650,,,,,36004
key7001,7001,,50501,,,,,,,,,,,,,,,,hunter,human,,,,13,0,,,,,,,,,,,,,,,,,,,,,,,,,,,,,,,,,,,,,,,,,,,,,,0
key7002,7002,,50502,,,,,,,,,,,,,,,,hunter,human,,,,7,3,,,,,,,,,,,,,,,,,,,,,,,,,,,,,,,,,,,,,,,,,,,,,,0
key7003,7003,,50503,,,,,,,,,,,,,,,,hunter,human,,,,27,0,,,,,,,,,,,,,,,,,,,,,,,,,,,,,,,,,,,,,,,,,,,,,,0
key7004,7004,,50504,,,,,,,,,,,,,,,,hunter,human,,,,15,0,,,,,,,,,,,,,,,,,,,,,,,,,,,,,,,,,,,,,,,,,,,,,,0
key7005,7005,,50505,,,,,,,,,,,,,,,,hunter,human,,,,3,-9,,,,,,,,,,,,,,,,,,,,,,,,,,,,,,,,,,,,,,,,,,,,,,0
key7006,7006,,50506,,,,,,,,,,,,,,,,hunter,human,,,,18,0,,,,,,,,,,,,,,,,,,,,,,,,,,,,,,,,,,,,,,,,,,,,,,0
key7007,7007,,50507,,,,,,,,,,,,,,,,hunter,human,,,,5,7,,,,,,,,,,,,,,,,,,,,,,,,,,,,,,,,,,,,,,,,,,,,,,0
key7008,7008,,50508,,,,,,,,,,,,,,,,hunter,human,,,,,,,,,,,,,,,,,,,,,,,,,,,,,,,,,,,,,,,,,,,,,,,,,,,0
key7009,7009,,50509,,,,,,,,,,,,,,,,hunter,human,,,,,,,,,,,,,,,,,,,,,,,,,,,,,,,,,,,,,,,,,,,,,,,,,,,0
key7010,7010,,50511,,,,,,,,,,,,,,,,ranger,human,,,,13,0,,,,,,,,,,,,,,,,,,,,,,,,,,,,,,,,,,,,,,,,,,,,,,0
key7011,7011,,50512,,,,,,,,,,,,,,,,ranger,human,,,,7,3,,,,,,,,,,,,,,,,,,,,,,,,,,,,,,,,,,,,,,,,,,,,,,0
key7012,7012,,50513,,,,,,,,,,,,,,,,ranger,human,,,,27,0,,,,,,,,,,,,,,,,,,,,,,,,,,,,,,,,,,,,,,,,,,,,,,0
key7013,7013,,50514,,,,,,,,,,,,,,,,ranger,human,,,,15,0,,,,,,,,,,,,,,,,,,,,,,,,,,,,,,,,,,,,,,,,,,,,,,0
key7014,7014,,50515,,,,,,,,,,,,,,,,ranger,human,,,,3,-9,,,,,,,,,,,,,,,,,,,,,,,,,,,,,,,,,,,,,,,,,,,,,,0
key7015,7015,,50516,,,,,,,,,,,,,,,,ranger,human,,,,18,0,,,,,,,,,,,,,,,,,,,,,,,,,,,,,,,,,,,,,,,,,,,,,,0
key7016,7016,,50517,,,,,,,,,,,,,,,,ranger,human,,,,5,7,,,,,,,,,,,,,,,,,,,,,,,,,,,,,,,,,,,,,,,,,,,,,,0
key7017,7017,,50518,,,,,,,,,,,,,,,,ranger,human,,,,,,,,,,,,,,,,,,,,,,,,,,,,,,,,,,,,,,,,,,,,,,,,,,,0
key7018,7018,,50519,,,,,,,,,,,,,,,,ranger,human,,,,,,,,,,,,,,,,,,,,,,,,,,,,,,,,,,,,,,,,,,,,,,,,,,,0
key7019,7019,,50521,,,,,,,,,,,,,,,,force,human,,,,13,0,,,,,,,,,,,,,,,,,,,,,,,,,,,,,,,,,,,,,,,,,,,,,,0
key7020,7020,,50522,,,,,,,,,,,,,,,,force,human,,,,7,3,,,,,,,,,,,,,,,,,,,,,,,,,,,,,,,,,,,,,,,,,,,,,,0
key7021,7021,,50523,,,,,,,,,,,,,,,,force,human,,,,27,0,,,,,,,,,,,,,,,,,,,,,,,,,,,,,,,,,,,,,,,,,,,,,,0
key7022,7022,,50524,,,,,,,,,,,,,,,,force,human,,,,15,0,,,,,,,,,,,,,,,,,,,,,,,,,,,,,,,,,,,,,,,,,,,,,,0
key7023,7023,,50525,,,,,,,,,,,,,,,,force,human,,,,3,-9,,,,,,,,,,,,,,,,,,,,,,,,,,,,,,,,,,,,,,,,,,,,,,0
key7024,7024,,50526,,,,,,,,,,,,,,,,force,human,,,,18,0,,,,,,,,,,,,,,,,,,,,,,,,,,,,,,,,,,,,,,,,,,,,,,0
key7025,7025,,50527,,,,,,,,,,,,,,,,force,human,,,,5,7,,,,,,,,,,,,,,,,,,,,,,,,,,,,,,,,,,,,,,,,,,,,,,0
key7026,7026,,50528,,,,,,,,,,,,,,,,force,human,,,,,,,,,,,,,,,,,,,,,,,,,,,,,,,,,,,,,,,,,,,,,,,,,,,0
key7027,7027,,50529,,,,,,,,,,,,,,,,force,human,,,,,,,,,,,,,,,,,,,,,,,,,,,,,,,,,,,,,,,,,,,,,,,,,,,0
key7028,7028,,50531,,,,,,,,,,,,,,,,hunter,human,,,,101,-4,,,,,,,,,,,,,,,,,,,,,,,,,,,,,,,,,,,,,,,,,,,,,,0
key7029,7029,,50532,,,,,,,,,,,,,,,,hunter,human,,,,102,3,,,,,,,,,,,,,,,,,,,,,,,,,,,,,,,,,,,,,,,,,,,,,,0
key7030,7030,,50533,,,,,,,,,,,,,,,,hunter,human,,,,118,0,,,,,,,,,,,,,,,,,,,,,,,,,,,,,,,,,,,,,,,,,,,,,,0
key7031,7031,,50534,,,,,,,,,,,,,,,,hunter,human,,,,106,0,,,,,,,,,,,,,,,,,,,,,,,,,,,,,,,,,,,,,,,,,,,,,,0
key7032,7032,,50535,,,,,,,,,,,,,,,,hunter,human,,,,108,5,,,,,,,,,,,,,,,,,,,,,,,,,,,,,,,,,,,,,,,,,,,,,,0
key7033,7033,,50536,,,,,,,,,,,,,,,,hunter,human,,,,113,0,,,,,,,,,,,,,,,,,,,,,,,,,,,,,,,,,,,,,,,,,,,,,,0
key7034,7034,,50537,,,,,,,,,,,,,,,,hunter,human,,,,117,0,,,,,,,,,,,,,,,,,,,,,,,,,,,,,,,,,,,,,,,,,,,,,,0
key7035,7035,,50538,,,,,,,,,,,,,,,,hunter,human,,,,,,,,,,,,,,,,,,,,,,,,,,,,,,,,,,,,,,,,,,,,,,,,,,,0
key7036,7036,,50539,,,,,,,,,,,,,,,,hunter,human,,,,,,,,,,,,,,,,,,,,,,,,,,,,,,,,,,,,,,,,,,,,,,,,,,,0
key7037,7037,,50541,,,,,,,,,,,,,,,,ranger,human,,,,101,-4,,,,,,,,,,,,,,,,,,,,,,,,,,,,,,,,,,,,,,,,,,,,,,0
key7038,7038,,50542,,,,,,,,,,,,,,,,ranger,human,,,,102,3,,,,,,,,,,,,,,,,,,,,,,,,,,,,,,,,,,,,,,,,,,,,,,0
key7039,7039,,50543,,,,,,,,,,,,,,,,ranger,human,,,,118,0,,,,,,,,,,,,,,,,,,,,,,,,,,,,,,,,,,,,,,,,,,,,,,0
key7040,7040,,50544,,,,,,,,,,,,,,,,ranger,human,,,,106,0,,,,,,,,,,,,,,,,,,,,,,,,,,,,,,,,,,,,,,,,,,,,,,0
key7041,7041,,50545,,,,,,,,,,,,,,,,ranger,human,,,,108,5,,,,,,,,,,,,,,,,,,,,,,,,,,,,,,,,,,,,,,,,,,,,,,0
key7042,7042,,50546,,,,,,,,,,,,,,,,ranger,human,,,,113,0,,,,,,,,,,,,,,,,,,,,,,,,,,,,,,,,,,,,,,,,,,,,,,0
key7043,7043,,50547,,,,,,,,,,,,,,,,ranger,human,,,,117,0,,,,,,,,,,,,,,,,,,,,,,,,,,,,,,,,,,,,,,,,,,,,,,0
key7044,7044,,50548,,,,,,,,,,,,,,,,ranger,human,,,,,,,,,,,,,,,,,,,,,,,,,,,,,,,,,,,,,,,,,,,,,,,,,,,0
key7045,7045,,50549,,,,,,,,,,,,,,,,ranger,human,,,,,,,,,,,,,,,,,,,,,,,,,,,,,,,,,,,,,,,,,,,,,,,,,,,0
key7046,7046,,50551,,,,,,,,,,,,,,,,force,human,,,,101,-4,,,,,,,,,,,,,,,,,,,,,,,,,,,,,,,,,,,,,,,,,,,,,,0
key7047,7047,,50552,,,,,,,,,,,,,,,,force,human,,,,102,3,,,,,,,,,,,,,,,,,,,,,,,,,,,,,,,,,,,,,,,,,,,,,,0
key7048,7048,,50553,,,,,,,,,,,,,,,,force,human,,,,118,0,,,,,,,,,,,,,,,,,,,,,,,,,,,,,,,,,,,,,,,,,,,,,,0
key7049,7049,,50554,,,,,,,,,,,,,,,,force,human,,,,106,0,,,,,,,,,,,,,,,,,,,,,,,,,,,,,,,,,,,,,,,,,,,,,,0
key7050,7050,,50555,,,,,,,,,,,,,,,,force,human,,,,108,5,,,,,,,,,,,,,,,,,,,,,,,,,,,,,,,,,,,,,,,,,,,,,,0
key7051,7051,,50556,,,,,,,,,,,,,,,,force,human,,,,113,0,,,,,,,,,,,,,,,,,,,,,,,,,,,,,,,,,,,,,,,,,,,,,,0
key7052,7052,,50557,,,,,,,,,,,,,,,,force,human,,,,117,0,,,,,,,,,,,,,,,,,,,,,,,,,,,,,,,,,,,,,,,,,,,,,,0
key7053,7053,,50558,,,,,,,,,,,,,,,,force,human,,,,,,,,,,,,,,,,,,,,,,,,,,,,,,,,,,,,,,,,,,,,,,,,,,,0
key7054,7054,,50559,,,,,,,,,,,,,,,,force,human,,,,,,,,,,,,,,,,,,,,,,,,,,,,,,,,,,,,,,,,,,,,,,,,,,,0
key7055,7055,,50561,,,,,,,,,,,,,,,,hunter,newman,,,,13,0,,,,,,,,,,,,,,,,,,,,,,,,,,,,,,,,,,,,,,,,,,,,,,0
key7056,7056,,50562,,,,,,,,,,,,,,,,hunter,newman,,,,7,3,,,,,,,,,,,,,,,,,,,,,,,,,,,,,,,,,,,,,,,,,,,,,,0
key7057,7057,,50563,,,,,,,,,,,,,,,,hunter,newman,,,,27,0,,,,,,,,,,,,,,,,,,,,,,,,,,,,,,,,,,,,,,,,,,,,,,0
key7058,7058,,50564,,,,,,,,,,,,,,,,hunter,newman,,,,15,0,,,,,,,,,,,,,,,,,,,,,,,,,,,,,,,,,,,,,,,,,,,,,,0
key7059,7059,,50565,,,,,,,,,,,,,,,,hunter,newman,,,,3,-9,,,,,,,,,,,,,,,,,,,,,,,,,,,,,,,,,,,,,,,,,,,,,,0
key7060,7060,,50566,,,,,,,,,,,,,,,,hunter,newman,,,,18,0,,,,,,,,,,,,,,,,,,,,,,,,,,,,,,,,,,,,,,,,,,,,,,0
key7061,7061,,50567,,,,,,,,,,,,,,,,hunter,newman,,,,5,7,,,,,,,,,,,,,,,,,,,,,,,,,,,,,,,,,,,,,,,,,,,,,,0
key7062,7062,,50568,,,,,,,,,,,,,,,,hunter,newman,,,,,,,,,,,,,,,,,,,,,,,,,,,,,,,,,,,,,,,,,,,,,,,,,,,0
key7063,7063,,50569,,,,,,,,,,,,,,,,hunter,newman,,,,,,,,,,,,,,,,,,,,,,,,,,,,,,,,,,,,,,,,,,,,,,,,,,,0
key7064,7064,,50571,,,,,,,,,,,,,,,,ranger,newman,,,,13,0,,,,,,,,,,,,,,,,,,,,,,,,,,,,,,,,,,,,,,,,,,,,,,0
key7065,7065,,50572,,,,,,,,,,,,,,,,ranger,newman,,,,7,3,,,,,,,,,,,,,,,,,,,,,,,,,,,,,,,,,,,,,,,,,,,,,,0
key7066,7066,,50573,,,,,,,,,,,,,,,,ranger,newman,,,,27,0,,,,,,,,,,,,,,,,,,,,,,,,,,,,,,,,,,,,,,,,,,,,,,0
key7067,7067,,50574,,,,,,,,,,,,,,,,ranger,newman,,,,15,0,,,,,,,,,,,,,,,,,,,,,,,,,,,,,,,,,,,,,,,,,,,,,,0
key7068,7068,,50575,,,,,,,,,,,,,,,,ranger,newman,,,,3,-9,,,,,,,,,,,,,,,,,,,,,,,,,,,,,,,,,,,,,,,,,,,,,,0
key7069,7069,,50576,,,,,,,,,,,,,,,,ranger,newman,,,,18,0,,,,,,,,,,,,,,,,,,,,,,,,,,,,,,,,,,,,,,,,,,,,,,0
key7070,7070,,50577,,,,,,,,,,,,,,,,ranger,newman,,,,5,7,,,,,,,,,,,,,,,,,,,,,,,,,,,,,,,,,,,,,,,,,,,,,,0
key7071,7071,,50578,,,,,,,,,,,,,,,,ranger,newman,,,,,,,,,,,,,,,,,,,,,,,,,,,,,,,,,,,,,,,,,,,,,,,,,,,0
key7072,7072,,50579,,,,,,,,,,,,,,,,ranger,newman,,,,,,,,,,,,,,,,,,,,,,,,,,,,,,,,,,,,,,,,,,,,,,,,,,,0
key7073,7073,,50581,,,,,,,,,,,,,,,,force,newman,,,,13,0,,,,,,,,,,,,,,,,,,,,,,,,,,,,,,,,,,,,,,,,,,,,,,0
key7074,7074,,50582,,,,,,,,,,,,,,,,force,newman,,,,7,3,,,,,,,,,,,,,,,,,,,,,,,,,,,,,,,,,,,,,,,,,,,,,,0
key7075,7075,,50583,,,,,,,,,,,,,,,,force,newman,,,,27,0,,,,,,,,,,,,,,,,,,,,,,,,,,,,,,,,,,,,,,,,,,,,,,0
key7076,7076,,50584,,,,,,,,,,,,,,,,force,newman,,,,15,0,,,,,,,,,,,,,,,,,,,,,,,,,,,,,,,,,,,,,,,,,,,,,,0
key7077,7077,,50585,,,,,,,,,,,,,,,,force,newman,,,,3,-9,,,,,,,,,,,,,,,,,,,,,,,,,,,,,,,,,,,,,,,,,,,,,,0
key7078,7078,,50586,,,,,,,,,,,,,,,,force,newman,,,,18,0,,,,,,,,,,,,,,,,,,,,,,,,,,,,,,,,,,,,,,,,,,,,,,0
key7079,7079,,50587,,,,,,,,,,,,,,,,force,newman,,,,5,7,,,,,,,,,,,,,,,,,,,,,,,,,,,,,,,,,,,,,,,,,,,,,,0
key7080,7080,,50588,,,,,,,,,,,,,,,,force,newman,,,,,,,,,,,,,,,,,,,,,,,,,,,,,,,,,,,,,,,,,,,,,,,,,,,0
key7081,7081,,50589,,,,,,,,,,,,,,,,force,newman,,,,,,,,,,,,,,,,,,,,,,,,,,,,,,,,,,,,,,,,,,,,,,,,,,,0
key7082,7082,,50591,,,,,,,,,,,,,,,,hunter,newman,,,,101,-4,,,,,,,,,,,,,,,,,,,,,,,,,,,,,,,,,,,,,,,,,,,,,,0
key7083,7083,,50592,,,,,,,,,,,,,,,,hunter,newman,,,,102,3,,,,,,,,,,,,,,,,,,,,,,,,,,,,,,,,,,,,,,,,,,,,,,0
key7084,7084,,50593,,,,,,,,,,,,,,,,hunter,newman,,,,118,0,,,,,,,,,,,,,,,,,,,,,,,,,,,,,,,,,,,,,,,,,,,,,,0
key7085,7085,,50594,,,,,,,,,,,,,,,,hunter,newman,,,,106,0,,,,,,,,,,,,,,,,,,,,,,,,,,,,,,,,,,,,,,,,,,,,,,0
key7086,7086,,50595,,,,,,,,,,,,,,,,hunter,newman,,,,108,5,,,,,,,,,,,,,,,,,,,,,,,,,,,,,,,,,,,,,,,,,,,,,,0
key7087,7087,,50596,,,,,,,,,,,,,,,,hunter,newman,,,,113,0,,,,,,,,,,,,,,,,,,,,,,,,,,,,,,,,,,,,,,,,,,,,,,0
key7088,7088,,50597,,,,,,,,,,,,,,,,hunter,newman,,,,117,0,,,,,,,,,,,,,,,,,,,,,,,,,,,,,,,,,,,,,,,,,,,,,,0
key7089,7089,,50598,,,,,,,,,,,,,,,,hunter,newman,,,,,,,,,,,,,,,,,,,,,,,,,,,,,,,,,,,,,,,,,,,,,,,,,,,0
key7090,7090,,50599,,,,,,,,,,,,,,,,hunter,newman,,,,,,,,,,,,,,,,,,,,,,,,,,,,,,,,,,,,,,,,,,,,,,,,,,,0
key7091,7091,,50601,,,,,,,,,,,,,,,,ranger,newman,,,,,,,,,,,,,,,,,,,,,,,,,,,,,,,,,,,,,,,,,,,,,,,,,,,0
key7092,7092,,50602,,,,,,,,,,,,,,,,ranger,newman,,,,102,3,,,,,,,,,,,,,,,,,,,,,,,,,,,,,,,,,,,,,,,,,,,,,,0
key7093,7093,,50603,,,,,,,,,,,,,,,,ranger,newman,,,,118,0,,,,,,,,,,,,,,,,,,,,,,,,,,,,,,,,,,,,,,,,,,,,,,0
key7094,7094,,50604,,,,,,,,,,,,,,,,ranger,newman,,,,106,0,,,,,,,,,,,,,,,,,,,,,,,,,,,,,,,,,,,,,,,,,,,,,,0
key7095,7095,,50605,,,,,,,,,,,,,,,,ranger,newman,,,,108,5,,,,,,,,,,,,,,,,,,,,,,,,,,,,,,,,,,,,,,,,,,,,,,0
key7096,7096,,50606,,,,,,,,,,,,,,,,ranger,newman,,,,113,0,,,,,,,,,,,,,,,,,,,,,,,,,,,,,,,,,,,,,,,,,,,,,,0
key7097,7097,,50607,,,,,,,,,,,,,,,,ranger,newman,,,,117,0,,,,,,,,,,,,,,,,,,,,,,,,,,,,,,,,,,,,,,,,,,,,,,0
key7098,7098,,50608,,,,,,,,,,,,,,,,ranger,newman,,,,,,,,,,,,,,,,,,,,,,,,,,,,,,,,,,,,,,,,,,,,,,,,,,,0
key7099,7099,,50609,,,,,,,,,,,,,,,,ranger,newman,,,,,,,,,,,,,,,,,,,,,,,,,,,,,,,,,,,,,,,,,,,,,,,,,,,0
key7100,7100,,50611,,,,,,,,,,,,,,,,force,newman,,,,101,-4,,,,,,,,,,,,,,,,,,,,,,,,,,,,,,,,,,,,,,,,,,,,,,0
key7101,7101,,50612,,,,,,,,,,,,,,,,force,newman,,,,102,3,,,,,,,,,,,,,,,,,,,,,,,,,,,,,,,,,,,,,,,,,,,,,,0
key7102,7102,,50613,,,,,,,,,,,,,,,,force,newman,,,,118,0,,,,,,,,,,,,,,,,,,,,,,,,,,,,,,,,,,,,,,,,,,,,,,0
key7103,7103,,50614,,,,,,,,,,,,,,,,force,newman,,,,106,0,,,,,,,,,,,,,,,,,,,,,,,,,,,,,,,,,,,,,,,,,,,,,,0
key7104,7104,,50615,,,,,,,,,,,,,,,,force,newman,,,,108,5,,,,,,,,,,,,,,,,,,,,,,,,,,,,,,,,,,,,,,,,,,,,,,0
key7105,7105,,50616,,,,,,,,,,,,,,,,force,newman,,,,113,0,,,,,,,,,,,,,,,,,,,,,,,,,,,,,,,,,,,,,,,,,,,,,,0
key7106,7106,,50617,,,,,,,,,,,,,,,,force,newman,,,,117,0,,,,,,,,,,,,,,,,,,,,,,,,,,,,,,,,,,,,,,,,,,,,,,0
key7107,7107,,50618,,,,,,,,,,,,,,,,force,newman,,,,,,,,,,,,,,,,,,,,,,,,,,,,,,,,,,,,,,,,,,,,,,,,,,,0
key7108,7108,,50619,,,,,,,,,,,,,,,,force,newman,,,,,,,,,,,,,,,,,,,,,,,,,,,,,,,,,,,,,,,,,,,,,,,,,,,0
key7109,7109,,50621,,,,,,,,,,,,,,,,hunter,cast,,,,37,0,,,,,,,,,,,,,,,,,,,,,,,,,,,,,,,,,,,,,,,,,,,,,,0
key7110,7110,,50622,,,,,,,,,,,,,,,,hunter,cast,,,,42,0,,,,,,,,,,,,,,,,,,,,,,,,,,,,,,,,,,,,,,,,,,,,,,0
key7111,7111,,50623,,,,,,,,,,,,,,,,hunter,cast,,,,51,0,,,,,,,,,,,,,,,,,,,,,,,,,,,,,,,,,,,,,,,,,,,,,,0
key7112,7112,,50624,,,,,,,,,,,,,,,,hunter,cast,,,,33,-10,,,,,,,,,,,,,,,,,,,,,,,,,,,,,,,,,,,,,,,,,,,,,,0
key7113,7113,,50625,,,,,,,,,,,,,,,,hunter,cast,,,,35,0,,,,,,,,,,,,,,,,,,,,,,,,,,,,,,,,,,,,,,,,,,,,,,0
key7114,7114,,50626,,,,,,,,,,,,,,,,hunter,cast,,,,40,0,,,,,,,,,,,,,,,,,,,,,,,,,,,,,,,,,,,,,,,,,,,,,,0
key7115,7115,,50627,,,,,,,,,,,,,,,,hunter,cast,,,,45,0,,,,,,,,,,,,,,,,,,,,,,,,,,,,,,,,,,,,,,,,,,,,,,0
key7116,7116,,50628,,,,,,,,,,,,,,,,hunter,cast,,,,,,,,,,,,,,,,,,,,,,,,,,,,,,,,,,,,,,,,,,,,,,,,,,,0
key7117,7117,,50629,,,,,,,,,,,,,,,,hunter,cast,,,,,,,,,,,,,,,,,,,,,,,,,,,,,,,,,,,,,,,,,,,,,,,,,,,0
key7118,7118,,50631,,,,,,,,,,,,,,,,ranger,cast,,,,37,0,,,,,,,,,,,,,,,,,,,,,,,,,,,,,,,,,,,,,,,,,,,,,,0
key7119,7119,,50632,,,,,,,,,,,,,,,,ranger,cast,,,,42,0,,,,,,,,,,,,,,,,,,,,,,,,,,,,,,,,,,,,,,,,,,,,,,0
key7120,7120,,50633,,,,,,,,,,,,,,,,ranger,cast,,,,51,0,,,,,,,,,,,,,,,,,,,,,,,,,,,,,,,,,,,,,,,,,,,,,,0
key7121,7121,,50634,,,,,,,,,,,,,,,,ranger,cast,,,,33,-10,,,,,,,,,,,,,,,,,,,,,,,,,,,,,,,,,,,,,,,,,,,,,,0
key7122,7122,,50635,,,,,,,,,,,,,,,,ranger,cast,,,,35,0,,,,,,,,,,,,,,,,,,,,,,,,,,,,,,,,,,,,,,,,,,,,,,0
key7123,7123,,50636,,,,,,,,,,,,,,,,ranger,cast,,,,40,0,,,,,,,,,,,,,,,,,,,,,,,,,,,,,,,,,,,,,,,,,,,,,,0
key7124,7124,,50637,,,,,,,,,,,,,,,,ranger,cast,,,,45,0,,,,,,,,,,,,,,,,,,,,,,,,,,,,,,,,,,,,,,,,,,,,,,0
key7125,7125,,50638,,,,,,,,,,,,,,,,ranger,cast,,,,,,,,,,,,,,,,,,,,,,,,,,,,,,,,,,,,,,,,,,,,,,,,,,,0
key7126,7126,,50639,,,,,,,,,,,,,,,,ranger,cast,,,,,,,,,,,,,,,,,,,,,,,,,,,,,,,,,,,,,,,,,,,,,,,,,,,0
key7127,7127,,50641,,,,,,,,,,,,,,,,force,cast,,,,37,0,,,,,,,,,,,,,,,,,,,,,,,,,,,,,,,,,,,,,,,,,,,,,,0
key7128,7128,,50642,,,,,,,,,,,,,,,,force,cast,,,,42,0,,,,,,,,,,,,,,,,,,,,,,,,,,,,,,,,,,,,,,,,,,,,,,0
key7129,7129,,50643,,,,,,,,,,,,,,,,force,cast,,,,51,0,,,,,,,,,,,,,,,,,,,,,,,,,,,,,,,,,,,,,,,,,,,,,,0
key7130,7130,,50644,,,,,,,,,,,,,,,,force,cast,,,,33,-10,,,,,,,,,,,,,,,,,,,,,,,,,,,,,,,,,,,,,,,,,,,,,,0
key7131,7131,,50645,,,,,,,,,,,,,,,,force,cast,,,,35,0,,,,,,,,,,,,,,,,,,,,,,,,,,,,,,,,,,,,,,,,,,,,,,0
key7132,7132,,50646,,,,,,,,,,,,,,,,force,cast,,,,40,0,,,,,,,,,,,,,,,,,,,,,,,,,,,,,,,,,,,,,,,,,,,,,,0
key7133,7133,,50647,,,,,,,,,,,,,,,,force,cast,,,,45,0,,,,,,,,,,,,,,,,,,,,,,,,,,,,,,,,,,,,,,,,,,,,,,0
key7134,7134,,50648,,,,,,,,,,,,,,,,force,cast,,,,,,,,,,,,,,,,,,,,,,,,,,,,,,,,,,,,,,,,,,,,,,,,,,,0
key7135,7135,,50649,,,,,,,,,,,,,,,,force,cast,,,,,,,,,,,,,,,,,,,,,,,,,,,,,,,,,,,,,,,,,,,,,,,,,,,0
key7136,7136,,50651,,,,,,,,,,,,,,,,hunter,cast,,,,139,0,,,,,,,,,,,,,,,,,,,,,,,,,,,,,,,,,,,,,,,,,,,,,,0
key7137,7137,,50652,,,,,,,,,,,,,,,,hunter,cast,,,,141,0,,,,,,,,,,,,,,,,,,,,,,,,,,,,,,,,,,,,,,,,,,,,,,0
key7138,7138,,50653,,,,,,,,,,,,,,,,hunter,cast,,,,138,0,,,,,,,,,,,,,,,,,,,,,,,,,,,,,,,,,,,,,,,,,,,,,,0
key7139,7139,,50654,,,,,,,,,,,,,,,,hunter,cast,,,,145,0,,,,,,,,,,,,,,,,,,,,,,,,,,,,,,,,,,,,,,,,,,,,,,0
key7140,7140,,50655,,,,,,,,,,,,,,,,hunter,cast,,,,136,0,,,,,,,,,,,,,,,,,,,,,,,,,,,,,,,,,,,,,,,,,,,,,,0
key7141,7141,,50656,,,,,,,,,,,,,,,,hunter,cast,,,,143,0,,,,,,,,,,,,,,,,,,,,,,,,,,,,,,,,,,,,,,,,,,,,,,0
key7142,7142,,50657,,,,,,,,,,,,,,,,hunter,cast,,,,147,0,,,,,,,,,,,,,,,,,,,,,,,,,,,,,,,,,,,,,,,,,,,,,,0
key7143,7143,,50658,,,,,,,,,,,,,,,,hunter,cast,,,,,,,,,,,,,,,,,,,,,,,,,,,,,,,,,,,,,,,,,,,,,,,,,,,0
key7144,7144,,50659,,,,,,,,,,,,,,,,hunter,cast,,,,,,,,,,,,,,,,,,,,,,,,,,,,,,,,,,,,,,,,,,,,,,,,,,,0
key7145,7145,,50661,,,,,,,,,,,,,,,,ranger,cast,,,,139,0,,,,,,,,,,,,,,,,,,,,,,,,,,,,,,,,,,,,,,,,,,,,,,0
key7146,7146,,50662,,,,,,,,,,,,,,,,ranger,cast,,,,141,0,,,,,,,,,,,,,,,,,,,,,,,,,,,,,,,,,,,,,,,,,,,,,,0
key7147,7147,,50663,,,,,,,,,,,,,,,,ranger,cast,,,,138,0,,,,,,,,,,,,,,,,,,,,,,,,,,,,,,,,,,,,,,,,,,,,,,0
key7148,7148,,50664,,,,,,,,,,,,,,,,ranger,cast,,,,145,0,,,,,,,,,,,,,,,,,,,,,,,,,,,,,,,,,,,,,,,,,,,,,,0
key7149,7149,,50665,,,,,,,,,,,,,,,,ranger,cast,,,,136,0,,,,,,,,,,,,,,,,,,,,,,,,,,,,,,,,,,,,,,,,,,,,,,0
key7150,7150,,50666,,,,,,,,,,,,,,,,ranger,cast,,,,143,0,,,,,,,,,,,,,,,,,,,,,,,,,,,,,,,,,,,,,,,,,,,,,,0
key7151,7151,,50667,,,,,,,,,,,,,,,,ranger,cast,,,,147,0,,,,,,,,,,,,,,,,,,,,,,,,,,,,,,,,,,,,,,,,,,,,,,0
key7152,7152,,50668,,,,,,,,,,,,,,,,ranger,cast,,,,,,,,,,,,,,,,,,,,,,,,,,,,,,,,,,,,,,,,,,,,,,,,,,,0
key7153,7153,,50669,,,,,,,,,,,,,,,,ranger,cast,,,,,,,,,,,,,,,,,,,,,,,,,,,,,,,,,,,,,,,,,,,,,,,,,,,0
key7154,7154,,50671,,,,,,,,,,,,,,,,force,cast,,,,139,0,,,,,,,,,,,,,,,,,,,,,,,,,,,,,,,,,,,,,,,,,,,,,,0
key7155,7155,,50672,,,,,,,,,,,,,,,,force,cast,,,,141,0,,,,,,,,,,,,,,,,,,,,,,,,,,,,,,,,,,,,,,,,,,,,,,0
key7156,7156,,50673,,,,,,,,,,,,,,,,force,cast,,,,138,0,,,,,,,,,,,,,,,,,,,,,,,,,,,,,,,,,,,,,,,,,,,,,,0
key7157,7157,,50674,,,,,,,,,,,,,,,,force,cast,,,,145,0,,,,,,,,,,,,,,,,,,,,,,,,,,,,,,,,,,,,,,,,,,,,,,0
key7158,7158,,50675,,,,,,,,,,,,,,,,force,cast,,,,136,0,,,,,,,,,,,,,,,,,,,,,,,,,,,,,,,,,,,,,,,,,,,,,,0
key7159,7159,,50676,,,,,,,,,,,,,,,,force,cast,,,,143,0,,,,,,,,,,,,,,,,,,,,,,,,,,,,,,,,,,,,,,,,,,,,,,0
key7160,7160,,50677,,,,,,,,,,,,,,,,force,cast,,,,147,0,,,,,,,,,,,,,,,,,,,,,,,,,,,,,,,,,,,,,,,,,,,,,,0
key7161,7161,,50678,,,,,,,,,,,,,,,,force,cast,,,,,,,,,,,,,,,,,,,,,,,,,,,,,,,,,,,,,,,,,,,,,,,,,,,0
key7162,7162,,50679,,,,,,,,,,,,,,,,force,cast,,,,,,,,,,,,,,,,,,,,,,,,,,,,,,,,,,,,,,,,,,,,,,,,,,,0
key9999,9999,,99990,,,,,,,,,,,,,,,,hunter,human,2,1,1,1,0,DLCダミー,,,,,,,,,,,,,,,,,,,,,,,,,,,,,,,,,,,,,,,,,,,,,0,,,,,39999
key51019,51019,,51019,,,,,,,,,,,,,,,,hunter,human,1,15,120,20,0,クヴィン,530418,,ico06022377,,,408010,408810,,,,,,,,,,,,,,,,,,,,,,,,,,,,,,,,,,,,,,132100,,,,,35101
key51029,51029,,51029,,,,,,,,,,,,,,,,hunter,human,1,32,115,15,5,ドーヴァ,530419,,ico06022378,,,408010,408820,,,,,,,,,,,,,,,,,,,,,,,,,,,,,,,,,,,,,,236400,,,,,35102
key51109,51109,,51109,,,,,,,,,,,,,,,,hunter,human,1,39,127,27,5,チャンド,530420,,ico06022379,,,408020,408820,,,,,491210,,,,,,,,,,,,,,,,,,,,,,,,,,,,,,,,,222800,,,,,35110
key51119,51119,,51119,,,,,,,,,,,,,,,,hunter,human,1,16,111,11,10,ティーズ,530421,,ico06022380,,,408010,408810,,,408450,,,,,,,,,,,,,,,,,,,,,,,,,,,,,,,,,,,226100,,,,,35111
key51129,51129,,51129,,,,,,,,,,,,,,,,hunter,human,1,26,101,1,5,イグナーツ,530422,,ico06022381,,,408020,408820,,,408710,,,,,,,,,,,,,,,,,,,,,,,,,,,,,,,,,,,54000,,,,,35112
key53019,53019,,53019,,,,,,,,,,,,,,,,hunter,newman,1,12,126,26,0,ヘルヴ,530423,,ico06022382,,,408010,408810,,,,,,,,,,,,,,,,,,,,,,,,,,,,,,,,,,,,,,308200,,,,,35301
key53029,53029,,53029,,,,,,,,,,,,,,,,ranger,newman,1,28,111,11,5,シェレグ,530424,,ico06022383,,,408010,408820,,,,,,,,,,,,,,,,,,,,,,,,,,,,,,,,,,,,,,176300,,,,,35302
key53039,53039,,53039,,,,,,,,,,,,,,,,force,newman,1,9,129,29,10,レン,530425,,ico06022384,,,408020,408840,408900,,408130,,,,305301,305401,301401,302401,,,,,,,,,,,,,,,,,,,,,,,,,,,,380200,,,,,35303
key53049,53049,,53049,,,,,,,,,,,,,,,,force,newman,1,35,112,12,5,マックス,530426,,ico06022385,,,408010,408830,408870,,,,,,305301,305401,,,,,,,,,,,,,,,,,,,,,,,,,,,,,,325200,,,,,35304
key53059,53059,,53059,,,,,,,,,,,,,,,,hunter,newman,1,19,106,6,0,コヴァック,530427,,ico06022386,,,408020,408810,,,408210,,,,,,,,,,,,,,,,,,,,,,,,,,,,,,,,,,,155000,,,,,35305
key53069,53069,,53069,,,,,,,,,,,,,,,,hunter,newman,1,4,106,6,-5,エイク,530428,,ico06022387,,,408010,408810,,,,,,,,,,,,,,,,,,,,,,,,,,,,,,,,,,,,,,83100,,,,,35306
key54519,54519,,54519,,,,,,,,,,,,,,,,hunter,cast,1,5,114,44,-10,ウインド,530429,,ico06022388,,,408010,408820,,,,,,,,,,,,,,,,,,,,,,,,,,,,,,,,,,,,,,73200,,,,,35451
key54529,54529,,54529,,,,,,,,,,,,,,,,ranger,cast,1,46,118,48,-5,ヨーディス,530430,,ico06022389,,,408020,408810,,,408080,,,,,,,,,,,,,,,,,,,,,,,,,,,,,,,,,,,340300,,,,,35452
key56019,56019,,56019,,,,,,,,,,,,,,,,hunter,human,2,4,213,113,0,シュリノ,530431,,ico06022390,,,408010,408810,,,,,,,,,,,,,,,,,,,,,,,,,,,,,,,,,,,,,,186500,,,,,35601
key56029,56029,,56029,,,,,,,,,,,,,,,,hunter,human,2,71,221,121,-5,クラーナ,530432,,ico06022391,,,408010,408820,,,,,,,,,,,,,,,,,,,,,,,,,,,,,,,,,,,,,,132800,,,,,35602
key56039,56039,,56039,,,,,,,,,,,,,,,,ranger,human,2,52,212,112,-10,ステラ,530433,,ico06022392,,,408010,408810,,,,,,,,,,,,,,,,,,,,,,,,,,,,,,,,,,,,,,198500,,,,,35852
key56049,56049,,56049,,,,,,,,,,,,,,,,ranger,human,2,14,217,117,-5,ラール,530434,,ico06022393,,,408010,408820,,,,,,,,,,,,,,,,,,,,,,,,,,,,,,,,,,,,,,341800,,,,,35604
key56059,56059,,56059,,,,,,,,,,,,,,,,force,human,2,48,228,128,0,ジール,530435,,ico06022394,,,408010,408830,408870,,,,,,305301,305401,,,,,,,,,,,,,,,,,,,,,,,,,,,,,,175300,,,,,35605
key58019,58019,,58019,,,,,,,,,,,,,,,,hunter,newman,2,3,226,126,0,アオイ,530436,,ico06022395,,,408020,408820,,,408290,,,,,,,,,,,,,,,,,,,,,,,,,,,,,,,,,,,19800,,,,,35801
key58029,58029,,58029,,,,,,,,,,,,,,,,ranger,newman,2,65,215,115,-5,シズク,530437,,ico06022396,,,408010,408810,,,,,,,,,,,,,,,,,,,,,,,,,,,,,,,,,,,,,,176900,,,,,35802
key58039,58039,,58039,,,,,,,,,,,,,,,,force,newman,2,36,205,105,-10,ミザール,530438,,ico06022397,,,408010,408840,408890,,,,,,305301,305401,301401,302401,,,,,,,,,,,,,,,,,,,,,,,,,,,,327300,,,,,35803
key58049,58049,,58049,,,,,,,,,,,,,,,,hunter,newman,2,34,206,106,-5,ヨキア,530439,,ico06022398,,,408010,408810,,,,,,,,,,,,,,,,,,,,,,,,,,,,,,,,,,,,,,340400,,,,,35804
key59519,59519,,59519,,,,,,,,,,,,,,,,hunter,cast,2,20,214,144,10,クルック,530440,,ico06022399,,,408010,408820,,,,,,,,,,,,,,,,,,,,,,,,,,,,,,,,,,,,,,148100,,,,,35951
key59529,59529,,59529,,,,,,,,,,,,,,,,ranger,cast,2,64,219,149,5,リラ,530441,,ico06022400,,,408010,408820,,,,,,,,,,,,,,,,,,,,,,,,,,,,,,,,,,,,,,366700,,,,,35952
key5020,5020,,,np5020a_Reanbell_battle,0,,,,,,,,,,,,,,ranger,human,2,22,304,217,,リーンベル,530442,,ico06022376,,,408020,408740,408120,408220,408270,496202,,,305301,,,,,,,,,,,,,,,,,,,,,,,,,,,,,,TRUE,360700,,,,166.0,35020
key50300,50300,TRUE,,np50300a,0,,,,,,,,,,,,,,ranger,cast,1,1,303,41,,コプト,530444,,ico06022401,,,408010,,,,,,,,,,,,,,,,,,,,,,,,,,,,,,,,,,,,,,TRUE,163100,,,,170.0,35030
key5021,5021,TRUE,,np5005z_Fieldea,0,,,,,,,,,,,,,,hunter,human,2,140,305,212,,フィルディア,,,,,,,,,,,,,,,,,,,,,,,,,,,,,,,,,,,,,,,,,,,,TRUE,277600,,,,185.0,30004
key5030,5030,TRUE,,np5030a_Garnet,0,,,,,,,,,,,,,,ranger,newman,2,150,,221,,Garnet,530445,FD_garnet,ico06021400,,ico06011400,408010,409040,,408270,408410,,,,,,,,,,,,,,,,,,,,,,,,,,,,,,,,,,TRUE,,,,,185,30030
key5031,5031,TRUE,,np5031a_Sunshout,0,,,,,,,,,,,,,,hunter,cast,1,151,,222,,Sunshout,530446,FD_sunshout,ico06021500,,ico06011500,408040,409050,408670,408710,408170,408380,,,,,,,,,,,,,,,,,,,,,,,,,,,,,,,,,TRUE,,05_item_legparts_40004.acb,0,1,185,30031
